timestamp,lidar_right,lidar_front_right,lidar_front,lidar_left,odom_linear_x,odom_angular_z,pos_x,pos_y,cmd_linear_x,cmd_angular_z,imu_angular_z,imu_accel_x,imu_accel_y,wheel_speed_0,wheel_speed_1,wheel_speed_2,wheel_speed_3,distance_travelled,action_label
2026-07-09 12:28:34.786,0.0,0.0,0.0,0.0,0.0,0.0,0.0,0.0,0.0,0.0,0.0,0.0,0.0,0.0,0.0,0.0,0.0,0.0,idle
2026-07-09 12:28:34.886,0.0,0.0,0.0,0.0,0.0,0.0,0.0,0.0,0.0,0.0,0.0,0.0,0.0,0.0,0.0,0.0,0.0,0.0,idle
2026-07-09 12:28:34.987,1.216,3.165,5.873,2.632,0.0,-0.0,-4.0185,-4.7937,0.0,0.0,-0.0405,-0.1629,0.0958,0.0,0.0,0.0,0.0,0.0,idle
2026-07-09 12:28:35.086,1.21,3.146,5.868,2.632,0.0,-0.0,-4.0185,-4.7937,0.0,0.0,-0.0586,-0.0958,0.4694,0.0,0.0,0.0,0.0,0.0,searching_wall
2026-07-09 12:28:35.186,1.21,3.146,5.868,2.632,0.0003,0.0027,-4.0193,-4.793,0.0,0.0,2.6877,0.4982,-1.2837,0.0,0.0,0.0,0.0,0.0011,searching_wall
2026-07-09 12:28:35.286,1.21,3.146,5.868,2.632,0.0008,0.0101,-4.0216,-4.7906,0.0,0.0,0.5635,0.0192,0.0671,0.0,0.0,0.0,0.0,0.0044,searching_wall
2026-07-09 12:28:35.386,1.21,3.146,5.868,2.632,-0.0001,0.017,-4.0267,-4.7867,0.0,0.0,0.3025,-0.0862,-0.4119,0.0,0.0,0.0,0.0,0.0108,searching_wall
2026-07-09 12:28:35.486,1.258,3.514,5.413,2.639,-0.0008,0.0248,-4.034,-4.7827,0.0,0.0,0.1449,0.0096,0.0287,0.0,0.0,0.0,0.0,0.019,searching_wall
2026-07-09 12:28:35.586,1.315,4.073,4.988,2.652,-0.002,0.0356,-4.0449,-4.7779,0.0,0.0,2.6877,0.4982,-1.2837,0.0,0.0,0.0,0.0,0.0308,searching_wall
2026-07-09 12:28:35.687,1.352,4.376,4.789,2.671,-0.0017,0.0307,-4.0522,-4.7749,0.0,0.0,0.0032,0.1437,0.0287,0.0,0.0,0.0,0.0,0.0386,searching_wall
2026-07-09 12:28:35.786,1.378,4.723,4.643,2.652,-0.0007,0.0158,-4.0709,-4.767,0.0,0.0,2.6877,0.4982,-1.2837,0.0,0.0,0.0,0.0,0.0588,searching_wall
2026-07-09 12:28:35.886,1.411,4.852,4.522,2.655,-0.0006,0.0208,-4.0854,-4.7605,0.0,0.0,-0.1459,0.4694,0.0383,0.0,0.0,0.0,0.0,0.0747,searching_wall
2026-07-09 12:28:35.986,1.45,4.855,4.43,2.632,-0.0002,0.0183,-4.0995,-4.7542,0.0,0.0,0.0341,0.0192,0.6514,0.0,0.0,0.0,0.0,0.0901,searching_wall
2026-07-09 12:28:36.086,1.469,4.878,4.424,2.608,-0.0001,0.0134,-4.1132,-4.748,0.0,0.0,-0.0245,-0.1629,-0.2395,0.0,0.0,0.0,0.0,0.1052,searching_wall
2026-07-09 12:28:36.186,1.469,4.879,4.383,2.591,-0.0001,0.0189,-4.127,-4.7421,0.0,0.0,-0.0895,-0.1724,-0.1533,0.0,0.0,0.0,0.0,0.1201,searching_wall
2026-07-09 12:28:36.286,1.491,4.885,4.358,2.576,-0.0002,0.0186,-4.1393,-4.737,0.0,0.0,-0.0426,-0.0766,0.1533,0.0,0.0,0.0,0.0,0.1334,searching_wall
2026-07-09 12:28:36.386,1.517,4.903,4.313,2.543,-0.0001,0.0207,-4.1545,-4.7311,0.0,0.0,-0.0383,-0.1533,0.5461,0.0,0.0,0.0,0.0,0.1497,searching_wall
2026-07-09 12:28:36.486,1.542,4.915,4.281,2.535,-0.0001,0.0197,-4.1685,-4.7259,0.0,0.0,0.0522,0.0192,0.661,0.0,0.0,0.0,0.0,0.1646,searching_wall
2026-07-09 12:28:36.586,1.558,4.919,4.26,2.513,-0.0001,0.0114,-4.1826,-4.7209,0.0,0.0,0.0181,0.0575,0.1437,0.0,0.0,0.0,0.0,0.1795,searching_wall
2026-07-09 12:28:36.686,1.571,4.933,4.236,2.495,-0.0001,0.0191,-4.1906,-4.7182,0.0,0.0,-0.0309,-0.0479,0.4694,0.0,0.0,0.0,0.0,0.1879,searching_wall
2026-07-09 12:28:36.786,1.599,4.957,4.195,2.482,-0.0,0.0186,-4.2084,-4.7124,0.0,0.0,0.0096,-0.115,-0.2682,0.0,0.0,0.0,0.0,0.2066,searching_wall
2026-07-09 12:28:36.886,1.623,4.965,4.154,2.452,-0.0,0.0145,-4.224,-4.7077,0.0,0.0,0.0149,-0.2491,0.4694,0.0,0.0,0.0,0.0,0.2228,searching_wall
2026-07-09 12:28:36.986,1.649,5.029,4.099,2.432,0.0001,0.0197,-4.238,-4.7036,0.0,0.0,2.6877,0.4982,-1.2837,0.0,0.0,0.0,0.0,0.2373,searching_wall
2026-07-09 12:28:37.086,1.665,5.108,4.09,2.4,0.0001,0.0171,-4.2544,-4.6992,0.0,0.0,0.0415,-0.0766,0.3832,0.0,0.0,0.0,0.0,0.2541,searching_wall
2026-07-09 12:28:37.186,1.69,5.195,4.047,2.389,0.0,0.0163,-4.2675,-4.6959,0.0,0.0,-0.0138,0.1245,0.5269,0.0,0.0,0.0,0.0,0.2675,searching_wall
2026-07-09 12:28:37.286,1.712,5.249,4.014,2.371,0.0,0.0178,-4.2809,-4.6927,0.0,0.0,-0.0256,-0.0671,0.3545,0.0,0.0,0.0,0.0,0.2812,searching_wall
2026-07-09 12:28:37.386,1.724,5.213,3.977,2.349,0.0,0.0131,-4.2981,-4.689,0.0,0.0,-0.0394,-0.115,0.0479,0.0,0.0,0.0,0.0,0.2986,searching_wall
2026-07-09 12:28:37.486,1.755,5.269,3.938,2.317,0.0,0.0131,-4.3129,-4.6861,0.0,0.0,0.0075,-0.0766,-0.0192,0.0,0.0,0.0,0.0,0.3134,searching_wall
2026-07-09 12:28:37.586,1.77,65.533,3.896,2.307,0.0,0.0139,-4.3255,-4.6838,0.0,0.0,0.0692,-0.2108,0.3545,0.0,0.0,0.0,0.0,0.3261,searching_wall
2026-07-09 12:28:37.686,1.8,65.533,3.86,2.284,0.0001,0.0194,-4.3431,-4.681,0.0,0.0,-0.0575,-0.0287,0.5556,0.0,0.0,0.0,0.0,0.3436,searching_wall
2026-07-09 12:28:37.786,1.815,65.533,3.826,2.268,0.0001,0.0175,-4.3542,-4.6793,0.0,0.0,0.0256,0.0671,-0.0671,0.0,0.0,0.0,0.0,0.3547,searching_wall
2026-07-09 12:28:37.886,1.847,65.533,3.791,2.231,0.0001,0.0179,-4.3731,-4.6769,0.0,0.0,0.032,0.0479,0.1916,0.0,0.0,0.0,0.0,0.3733,searching_wall
2026-07-09 12:28:37.986,1.858,65.533,3.765,2.221,-0.0002,0.0171,-4.3866,-4.6755,0.0,0.0,0.0863,0.2682,1.2742,0.0,0.0,0.0,0.0,0.3866,searching_wall
2026-07-09 12:28:38.086,1.873,65.533,3.763,2.19,-0.0002,0.0133,-4.4011,-4.6743,0.0,0.0,-0.1395,-0.2491,-0.0479,0.0,0.0,0.0,0.0,0.4008,searching_wall
2026-07-09 12:28:38.186,1.9,65.533,3.714,2.184,-0.0,0.0196,-4.4172,-4.6732,0.0,0.0,-0.0607,-0.2108,-0.297,0.0,0.0,0.0,0.0,0.4165,searching_wall
2026-07-09 12:28:38.286,1.923,65.533,3.658,2.153,0.0001,0.0122,-4.4319,-4.6724,0.0,0.0,0.066,0.1437,0.7377,0.0,0.0,0.0,0.0,0.4308,searching_wall
2026-07-09 12:28:38.386,1.945,65.533,3.63,2.132,0.0001,0.012,-4.4444,-4.6718,0.0,0.0,0.0277,-0.4215,0.3161,0.0,0.0,0.0,0.0,0.443,searching_wall
2026-07-09 12:28:38.486,1.959,65.533,3.585,2.114,0.0002,0.0175,-4.4617,-4.6712,0.0,0.0,0.0767,0.182,1.5711,0.0,0.0,0.0,0.0,0.4598,searching_wall
2026-07-09 12:28:38.586,1.983,65.533,3.543,2.091,0.0001,0.0133,-4.4744,-4.671,0.0,0.0,2.6877,0.4982,-1.2837,0.0,0.0,0.0,0.0,0.4721,searching_wall
2026-07-09 12:28:38.686,2.004,65.533,3.505,2.073,0.0001,0.0177,-4.4919,-4.671,0.0,0.0,-0.0852,-0.2203,0.1533,0.0,0.0,0.0,0.0,0.489,searching_wall
2026-07-09 12:28:38.786,2.026,65.533,3.45,2.057,0.0001,0.0197,-4.503,-4.6712,0.0,0.0,0.0288,-0.479,0.182,0.0,0.0,0.0,0.0,0.4997,searching_wall
2026-07-09 12:28:38.886,2.051,65.533,3.422,2.05,0.0001,0.0128,-4.5215,-4.6719,0.0,0.0,0.0,0.0383,1.1496,0.0,0.0,0.0,0.0,0.5175,searching_wall
2026-07-09 12:28:38.986,2.06,65.533,3.385,2.022,0.0001,0.0188,-4.5374,-4.6729,0.0,0.0,0.0149,0.1533,0.4407,0.0,0.0,0.0,0.0,0.5328,searching_wall
2026-07-09 12:28:39.086,2.084,65.533,3.322,2.01,0.0,0.013,-4.5492,-4.6738,0.0,0.0,2.6877,0.4982,-1.2837,0.0,0.0,0.0,0.0,0.5441,searching_wall
2026-07-09 12:28:39.186,2.111,65.533,3.295,1.995,0.0,0.0124,-4.5657,-4.6753,0.1,0.0,-0.0511,-0.0096,-0.2682,0.0,0.0,0.0,0.0,0.5599,approaching_wall
2026-07-09 12:28:39.286,2.142,65.533,3.268,1.971,0.0007,0.0234,-4.5826,-4.677,0.1,0.0,-0.4368,0.0766,-0.6706,0.0,0.0,0.0,0.0,0.576,approaching_wall
2026-07-09 12:28:39.386,2.164,65.533,3.203,1.937,0.0022,0.0196,-4.6009,-4.678,0.1,0.0,-0.4815,-0.1245,-0.7281,0.0,0.0,0.0,0.0,0.5938,approaching_wall
2026-07-09 12:28:39.486,2.2,65.533,3.164,1.898,0.0059,0.027,-4.6284,-4.6778,0.1,0.0,2.6877,0.4982,-1.2837,0.0,0.0,0.0,0.0,0.6208,approaching_wall
2026-07-09 12:28:39.586,2.246,65.533,2.536,1.866,0.0066,0.0267,-4.6525,-4.6766,0.1,0.0,-0.1257,-0.6323,1.552,0.0,0.0,0.0,0.0,0.6447,approaching_wall
2026-07-09 12:28:39.686,2.289,65.533,2.397,1.829,0.005,0.0172,-4.6735,-4.6751,0.1,0.0,-0.1395,-0.479,-0.0862,0.0,0.0,0.0,0.0,0.6657,approaching_wall
2026-07-09 12:28:39.786,2.315,65.533,2.342,1.798,0.0055,0.0177,-4.6972,-4.6736,0.1,0.0,2.6877,0.4982,-1.2837,0.0,0.0,0.0,0.0,0.6892,approaching_wall
2026-07-09 12:28:39.887,2.348,65.533,2.29,1.754,0.0055,0.0163,-4.7202,-4.6724,0.1,0.0,2.6877,0.4982,-1.2837,0.0,0.0,0.0,0.0,0.7121,approaching_wall
2026-07-09 12:28:39.986,2.392,65.533,2.244,1.721,0.0057,0.0161,-4.7461,-4.6715,0.1,0.0,-0.0128,-0.115,-0.2108,0.0,0.0,0.0,0.0,0.7378,approaching_wall
2026-07-09 12:28:40.086,2.408,65.533,2.194,1.68,0.0056,0.0167,-4.7659,-4.671,0.1,0.0,-0.017,-0.0192,-0.2491,0.0,0.0,0.0,0.0,0.7574,approaching_wall
2026-07-09 12:28:40.186,2.475,9.147,2.104,1.64,0.0053,0.0172,-4.7935,-4.6709,0.1,0.0,0.0181,0.0,-0.7185,0.0,0.0,0.0,0.0,0.7847,approaching_wall
2026-07-09 12:28:40.286,2.5,65.533,2.048,1.625,0.0055,0.0151,-4.8112,-4.6712,0.1,0.0,0.0021,0.1437,0.6131,0.0,0.0,0.0,0.0,0.8021,approaching_wall
2026-07-09 12:28:40.386,2.55,65.533,1.97,1.575,0.0084,0.0244,-4.8386,-4.6721,0.1,0.0,2.6877,0.4982,-1.2837,0.0,0.0,0.0,0.0,0.8291,approaching_wall
2026-07-09 12:28:40.486,2.594,65.533,1.889,1.543,0.009,0.025,-4.862,-4.6734,0.1,0.0,0.0128,-0.4407,0.6802,0.0,0.0,0.0,0.0,0.852,approaching_wall
2026-07-09 12:28:40.586,2.637,65.533,1.82,1.502,0.0086,0.0257,-4.8882,-4.6754,0.1,0.0,0.0543,-0.5748,0.2012,0.0,0.0,0.0,0.0,0.8777,approaching_wall
2026-07-09 12:28:40.686,2.687,65.533,1.755,1.387,0.0086,0.0219,-4.9116,-4.6776,0.1,0.0,-0.049,0.0862,-0.5461,0.0,0.0,0.0,0.0,0.9006,approaching_wall
2026-07-09 12:28:40.786,2.727,11.406,1.671,1.465,0.0097,-0.0137,-4.9267,-4.6792,0.1,0.0,-0.2748,19.6104,-2.5675,0.0,0.0,0.0,0.0,0.9154,approaching_wall
2026-07-09 12:28:40.886,2.842,65.533,1.538,1.485,0.0055,0.0032,-4.953,-4.6808,0.1,0.0,-0.5252,-0.3736,-0.7281,0.0,0.0,0.0,0.0,0.9413,approaching_wall
2026-07-09 12:28:40.986,3.067,65.533,1.472,1.502,0.0114,0.0146,-4.9715,-4.6807,0.1,0.0,-0.1491,-0.3353,-0.5748,0.0,0.0,0.0,0.0,0.9597,approaching_wall
2026-07-09 12:28:41.086,3.287,65.533,1.554,1.527,0.012,0.0206,-4.9921,-4.6802,0.1,0.0,0.8458,-0.2108,-1.552,0.0,0.0,0.0,0.0,0.9802,approaching_wall
2026-07-09 12:28:41.186,3.637,4.586,1.558,1.003,0.0111,0.0202,-5.0145,-4.6803,0.1,0.0,2.6877,0.4982,-1.2837,0.0,0.0,0.0,0.0,1.0024,approaching_wall
2026-07-09 12:28:41.286,4.003,65.533,1.351,1.763,0.0085,0.0148,-5.0354,-4.6811,0.1,0.0,0.3388,0.3545,-1.3987,0.0,0.0,0.0,0.0,1.0231,approaching_wall
2026-07-09 12:28:41.386,4.761,4.261,1.195,1.975,0.0125,0.0196,-5.0615,-4.682,0.1,0.0,0.6008,1.619,0.4407,0.0,0.0,0.0,0.0,1.049,approaching_wall
2026-07-09 12:28:41.486,5.796,1.931,1.07,3.227,0.0122,0.0162,-5.085,-4.6828,0.0,0.0,0.0522,0.8335,0.6227,0.0,0.0,0.0,0.0,1.0723,searching_wall
2026-07-09 12:28:41.586,7.937,1.444,0.986,3.118,0.0071,0.0094,-5.1048,-4.6833,0.0,0.0,-0.0011,0.7951,-0.2587,0.0,0.0,0.0,0.0,1.0919,searching_wall
2026-07-09 12:28:41.686,65.533,1.536,0.926,3.862,0.005,0.007,-5.1197,-4.6838,0.0,0.0,0.7457,0.6035,0.2587,0.0,0.0,0.0,0.0,1.1067,searching_wall
2026-07-09 12:28:41.786,65.533,1.497,0.597,8.874,0.0033,0.0058,-5.1312,-4.6851,0.0,0.0,2.6877,0.4982,-1.2837,0.0,0.0,0.0,0.0,1.118,searching_wall
2026-07-09 12:28:41.886,65.533,1.363,0.886,1.018,0.0015,0.0089,-5.1419,-4.6886,0.1,0.0,1.2006,0.4886,0.182,0.0,0.0,0.0,0.0,1.1283,approaching_wall
2026-07-09 12:28:41.986,5.396,1.272,0.862,11.533,0.0019,0.0258,-5.155,-4.6954,0.0,0.0,0.4336,1.2167,0.3449,0.0,0.0,0.0,0.0,1.1407,searching_wall
2026-07-09 12:28:42.086,65.533,1.182,0.859,6.257,0.0029,0.0221,-5.1693,-4.7025,0.0,0.0,0.8128,-0.1629,0.6227,0.0,0.0,0.0,0.0,1.1544,searching_wall
2026-07-09 12:28:42.186,11.672,1.166,0.856,6.251,0.001,0.0044,-5.1801,-4.7082,0.0,0.0,-0.0735,0.5365,-19.62,0.0,0.0,0.0,0.0,1.1647,searching_wall
2026-07-09 12:28:42.286,11.613,1.164,0.855,6.26,0.0025,0.0112,-5.1918,-4.7138,0.0,0.0,0.3206,-1.5137,4.5314,0.0,0.0,0.0,0.0,1.176,searching_wall
2026-07-09 12:28:42.386,11.645,1.163,0.848,6.258,0.0024,0.0037,-5.2039,-4.7196,0.0,0.0,0.9918,-0.2299,-0.8526,0.0,0.0,0.0,0.0,1.1877,searching_wall
2026-07-09 12:28:42.486,11.629,1.163,0.85,6.256,0.0016,0.016,-5.2158,-4.726,0.0,0.0,1.1281,0.4886,-1.6574,0.0,0.0,0.0,0.0,1.1992,searching_wall
2026-07-09 12:28:42.586,11.577,1.157,0.847,6.258,0.0011,0.0176,-5.2279,-4.7341,0.0,0.0,1.4679,0.4024,-0.9772,0.0,0.0,0.0,0.0,1.2109,searching_wall
2026-07-09 12:28:42.686,11.642,1.173,0.85,6.254,0.0004,0.0113,-5.238,-4.7416,0.0,0.0,0.5838,0.479,0.8239,0.0,0.0,0.0,0.0,1.2206,searching_wall
2026-07-09 12:28:42.786,11.633,1.175,0.857,6.249,0.0004,0.0107,-5.2479,-4.7489,0.0,0.0,-0.2397,0.4311,0.0862,0.0,0.0,0.0,0.0,1.2302,searching_wall
2026-07-09 12:28:42.886,11.663,1.174,0.859,6.258,0.0,0.0106,-5.2579,-4.7571,0.0,0.0,0.0075,-0.115,0.3449,0.0,0.0,0.0,0.0,1.2399,searching_wall
2026-07-09 12:28:42.986,11.635,1.176,0.861,11.33,-0.0001,0.006,-5.2677,-4.7655,0.0,0.0,0.1385,-0.0766,0.4694,0.0,0.0,0.0,0.0,1.2495,searching_wall
2026-07-09 12:28:43.086,11.614,1.183,0.854,11.347,-0.0004,0.0112,-5.2776,-4.7741,0.0,0.0,-0.2045,0.1629,0.1341,0.0,0.0,0.0,0.0,1.2593,searching_wall
2026-07-09 12:28:43.186,11.592,1.187,0.851,11.378,-0.0002,0.007,-5.2871,-4.7829,0.0,0.0,-0.9566,0.1724,0.2874,0.0,0.0,0.0,0.0,1.2686,searching_wall
2026-07-09 12:28:43.286,65.533,1.197,0.857,11.382,0.0008,0.0105,-5.2965,-4.7913,0.0,0.0,-1.453,0.1916,-1.0251,0.0,0.0,0.0,0.0,1.278,searching_wall
2026-07-09 12:28:43.386,65.533,1.198,0.862,11.368,0.0012,0.016,-5.3064,-4.7993,0.0,0.0,-1.0152,-0.2491,-1.2933,0.0,0.0,0.0,0.0,1.2879,searching_wall
2026-07-09 12:28:43.486,11.595,1.198,0.86,11.371,0.0016,0.0157,-5.3163,-4.8073,0.0,0.0,-1.1047,-0.0287,-1.4083,0.0,0.0,0.0,0.0,1.2979,searching_wall
2026-07-09 12:28:43.586,11.571,1.191,0.856,11.371,0.0019,0.0128,-5.3265,-4.8148,0.0,0.0,-0.2844,-0.5173,-0.8239,0.0,0.0,0.0,0.0,1.3082,searching_wall
2026-07-09 12:28:43.686,11.627,1.196,0.857,11.359,0.0013,0.0076,-5.336,-4.8218,0.0,0.0,0.3728,0.0958,-1.6286,0.0,0.0,0.0,0.0,1.3178,searching_wall
2026-07-09 12:28:43.787,65.533,1.192,0.858,11.359,0.001,0.0128,-5.3468,-4.8305,0.0,0.0,0.8426,0.4024,-3.3626,0.0,0.0,0.0,0.0,1.3288,searching_wall
2026-07-09 12:28:43.886,11.632,1.198,0.857,11.362,0.0011,0.0365,-5.357,-4.8398,0.0,0.0,0.4005,0.9293,-5.0391,0.0,0.0,0.0,0.0,1.3393,searching_wall
2026-07-09 12:28:43.986,65.533,1.199,0.853,11.372,0.0005,0.0383,-5.3674,-4.8502,0.0,0.0,2.6877,0.4982,-1.2837,0.0,0.0,0.0,0.0,1.3501,searching_wall
2026-07-09 12:28:44.086,11.527,1.194,0.86,11.367,0.0,0.0036,-5.3772,-4.8605,0.0,0.0,0.3558,-0.2203,3.2476,0.0,0.0,0.0,0.0,1.3603,searching_wall
2026-07-09 12:28:44.186,11.58,1.197,0.859,11.369,0.0002,-0.008,-5.3868,-4.8714,0.0,0.0,0.2663,-2.9315,4.905,0.0,0.0,0.0,0.0,1.3705,searching_wall
2026-07-09 12:28:44.286,65.533,1.192,0.859,11.374,0.0009,0.0147,-5.3967,-4.8821,0.0,0.0,-0.032,0.0383,-5.8822,0.0,0.0,0.0,0.0,1.381,searching_wall
2026-07-09 12:28:44.386,65.533,1.199,0.861,11.354,0.0011,0.0347,-5.4063,-4.8915,0.0,0.0,-0.0703,0.5556,-2.1076,0.0,0.0,0.0,0.0,1.3912,searching_wall
2026-07-09 12:28:44.486,65.533,1.195,0.854,11.359,0.0013,0.0123,-5.4163,-4.9011,0.0,0.0,-0.13,1.4466,3.5638,0.0,0.0,0.0,0.0,1.4019,searching_wall
2026-07-09 12:28:44.586,65.533,1.192,0.856,11.377,0.0014,-0.0013,-5.4266,-4.9113,0.0,0.0,-0.1523,-0.479,3.5446,0.0,0.0,0.0,0.0,1.413,searching_wall
2026-07-09 12:28:44.686,65.533,1.196,0.86,11.371,0.0016,-0.0015,-5.4369,-4.9209,0.0,0.0,-0.4517,-1.5807,0.0,0.0,0.0,0.0,0.0,1.4241,searching_wall
2026-07-09 12:28:44.786,65.533,1.201,0.861,11.374,0.0032,0.0099,-5.4473,-4.9298,0.0,0.0,-0.2599,-1.0059,-3.0273,0.0,0.0,0.0,0.0,1.4353,searching_wall
2026-07-09 12:28:44.886,65.533,1.198,0.851,11.37,0.0026,0.0023,-5.4577,-4.9388,0.0,0.0,-0.1342,0.2395,-3.6979,0.0,0.0,0.0,0.0,1.4465,searching_wall
2026-07-09 12:28:44.986,65.533,1.195,0.858,11.367,0.0037,0.0225,-5.4666,-4.9468,0.0,0.0,-0.4176,0.9005,-3.2381,0.0,0.0,0.0,0.0,1.4562,searching_wall
2026-07-09 12:28:45.086,11.583,1.202,0.85,11.37,0.004,0.022,-5.4761,-4.9554,0.0,0.0,-0.4442,0.2587,-2.1555,0.0,0.0,0.0,0.0,1.4665,searching_wall
2026-07-09 12:28:45.186,65.533,1.19,0.853,11.357,0.0042,0.0245,-5.4854,-4.964,0.0,0.0,0.0138,0.7664,-2.0789,0.0,0.0,0.0,0.0,1.4768,searching_wall
2026-07-09 12:28:45.286,11.605,1.196,0.86,11.385,0.004,0.0196,-5.4929,-4.971,0.0,0.0,-0.1949,-0.3928,-2.3663,0.0,0.0,0.0,0.0,1.485,searching_wall
2026-07-09 12:28:45.386,11.58,1.191,0.85,11.368,0.0033,0.0192,-5.503,-4.9808,0.0,0.0,0.2365,-0.6035,-2.7591,0.0,0.0,0.0,0.0,1.4962,searching_wall
2026-07-09 12:28:45.486,65.533,1.198,0.858,11.369,0.0026,0.0317,-5.5141,-4.9932,0.0,0.0,2.6877,0.4982,-1.2837,0.0,0.0,0.0,0.0,1.5088,searching_wall
2026-07-09 12:28:45.586,65.533,1.197,0.858,11.37,0.0016,0.0289,-5.523,-5.0044,0.0,0.0,0.4304,0.0671,-0.4886,0.0,0.0,0.0,0.0,1.5192,searching_wall
2026-07-09 12:28:45.686,65.533,1.189,0.854,11.37,0.0009,0.0029,-5.5303,-5.0143,0.0,0.0,-0.0799,-1.3221,-1.8106,0.0,0.0,0.0,0.0,1.5278,searching_wall
2026-07-09 12:28:45.786,65.533,1.202,0.867,11.355,0.0008,0.0011,-5.5395,-5.0269,0.0,0.0,0.2716,-1.6286,5.3074,0.0,0.0,0.0,0.0,1.5388,searching_wall
2026-07-09 12:28:45.886,65.533,1.198,0.855,11.379,0.0016,0.0113,-5.5473,-5.038,0.0,0.0,0.2695,0.3161,-6.342,0.0,0.0,0.0,0.0,1.5482,searching_wall
2026-07-09 12:28:45.986,65.533,1.194,0.85,11.359,0.0016,0.0284,-5.5555,-5.0493,0.0,0.0,0.2663,1.1017,-3.3434,0.0,0.0,0.0,0.0,1.5581,searching_wall
2026-07-09 12:28:46.086,65.533,1.192,0.852,11.363,0.0008,0.016,-5.5636,-5.0609,0.0,0.0,-0.032,0.4311,-5.2595,0.0,0.0,0.0,0.0,1.568,searching_wall
2026-07-09 12:28:46.186,65.533,1.192,0.855,11.389,0.0014,0.03,-5.5715,-5.0727,0.0,0.0,0.0724,-0.0671,-3.5734,0.0,0.0,0.0,0.0,1.5779,searching_wall
2026-07-09 12:28:46.286,65.533,1.191,0.853,11.358,0.0009,0.019,-5.5787,-5.0835,0.0,0.0,-0.0533,0.0096,-1.4658,0.0,0.0,0.0,0.0,1.5869,searching_wall
2026-07-09 12:28:46.386,65.533,1.194,0.856,11.368,0.0007,0.0235,-5.5862,-5.0959,0.0,0.0,-0.0639,0.4311,-7.3671,0.0,0.0,0.0,0.0,1.5966,searching_wall
2026-07-09 12:28:46.486,65.533,1.196,0.852,11.354,0.0005,0.0249,-5.593,-5.1081,0.0,0.0,-0.3771,0.1629,-7.6066,0.0,0.0,0.0,0.0,1.6056,searching_wall
2026-07-09 12:28:46.586,65.533,1.195,0.862,11.375,0.0008,0.0353,-5.5997,-5.1205,0.0,0.0,-0.2951,0.6227,-4.9529,0.0,0.0,0.0,0.0,1.6146,searching_wall
2026-07-09 12:28:46.686,65.533,1.198,0.847,11.374,0.0007,0.023,-5.6061,-5.1329,0.0,0.0,2.6877,0.4982,-1.2837,0.0,0.0,0.0,0.0,1.6234,searching_wall
2026-07-09 12:28:46.786,65.533,1.2,0.851,11.369,0.0013,0.0227,-5.613,-5.1461,0.0,0.0,-0.9737,0.4119,-0.5461,0.0,0.0,0.0,0.0,1.633,searching_wall
2026-07-09 12:28:46.886,65.533,1.193,0.856,11.364,0.0021,0.0194,-5.6201,-5.1587,0.0,0.0,-0.4932,0.2874,-0.843,0.0,0.0,0.0,0.0,1.6427,searching_wall
2026-07-09 12:28:46.986,65.533,1.189,0.85,11.361,0.0028,0.0174,-5.6283,-5.1715,0.0,0.0,-0.8522,0.2874,0.0766,0.0,0.0,0.0,0.0,1.6535,searching_wall
2026-07-09 12:28:47.086,65.533,1.197,0.859,11.366,0.0031,0.0134,-5.6359,-5.1819,0.0,0.0,-0.4943,-0.4215,-0.0671,0.0,0.0,0.0,0.0,1.6633,searching_wall
2026-07-09 12:28:47.186,11.662,1.189,0.856,11.368,0.0031,0.0111,-5.6434,-5.1925,0.0,0.0,0.0937,0.0766,0.4598,0.0,0.0,0.0,0.0,1.6731,searching_wall
2026-07-09 12:28:47.286,11.588,1.19,0.85,11.361,0.0047,0.0125,-5.6516,-5.2027,0.0,0.0,0.5997,-0.3832,-0.3161,0.0,0.0,0.0,0.0,1.6835,searching_wall
2026-07-09 12:28:47.386,65.533,1.202,0.854,11.377,0.0025,0.0067,-5.6592,-5.2124,0.0,0.0,1.0184,0.3161,0.1533,0.0,0.0,0.0,0.0,1.6933,searching_wall
2026-07-09 12:28:47.486,65.533,1.198,0.854,11.38,0.0036,0.0107,-5.6668,-5.2235,0.0,0.0,1.1143,0.0,-0.6035,0.0,0.0,0.0,0.0,1.7034,searching_wall
2026-07-09 12:28:47.586,65.533,1.209,0.854,11.379,0.0022,0.006,-5.6739,-5.2348,0.0,0.0,1.3039,0.3449,0.9101,0.0,0.0,0.0,0.0,1.7132,searching_wall
2026-07-09 12:28:47.686,65.533,1.202,0.849,11.369,0.0022,0.0074,-5.6797,-5.246,0.0,0.0,0.6594,0.0671,0.4215,0.0,0.0,0.0,0.0,1.7217,searching_wall
2026-07-09 12:28:47.786,65.533,1.203,0.85,11.371,-0.0006,-0.0054,-5.6837,-5.2564,0.0,0.0,2.6877,0.4982,-1.2837,0.0,0.0,0.0,0.0,1.7283,searching_wall
2026-07-09 12:28:47.886,65.533,1.198,0.85,11.356,-0.0013,-0.0043,-5.6852,-5.2658,0.0,0.0,0.832,0.3736,0.7951,0.0,0.0,0.0,0.0,1.7323,searching_wall
2026-07-09 12:28:47.986,65.533,1.201,0.852,11.36,-0.0017,-0.0075,-5.6865,-5.2739,0.0,0.0,2.6877,0.4982,-1.2837,0.0,0.0,0.0,0.0,1.7357,searching_wall
2026-07-09 12:28:48.086,65.533,1.193,0.859,11.374,-0.0009,-0.0058,-5.6878,-5.2822,0.0,0.0,0.1193,-0.0766,-0.4982,0.0,0.0,0.0,0.0,1.7393,searching_wall
2026-07-09 12:28:48.186,65.533,1.194,0.855,11.378,-0.0007,-0.0071,-5.6893,-5.2907,0.0,0.0,-0.0554,0.0575,0.6802,0.0,0.0,0.0,0.0,1.7432,searching_wall
2026-07-09 12:28:48.286,65.533,1.196,0.851,11.37,-0.0011,-0.0063,-5.6902,-5.2987,0.0,0.0,-0.0618,0.0096,0.364,0.0,0.0,0.0,0.0,1.7463,searching_wall
2026-07-09 12:28:48.386,65.533,1.196,0.851,11.385,-0.0026,-0.0087,-5.6906,-5.3068,0.0,0.0,-0.2376,-0.0575,0.4982,0.0,0.0,0.0,0.0,1.7491,searching_wall
2026-07-09 12:28:48.486,65.533,1.195,0.854,11.376,-0.0011,-0.0014,-5.6923,-5.3161,0.0,0.0,-0.9396,0.1054,-0.4503,0.0,0.0,0.0,0.0,1.7534,searching_wall
2026-07-09 12:28:48.586,65.533,1.2,0.852,11.384,-0.0009,-0.0031,-5.6947,-5.3265,0.0,0.0,-0.6413,-0.2682,-0.2874,0.0,0.0,0.0,0.0,1.7588,searching_wall
2026-07-09 12:28:48.686,65.533,1.195,0.855,11.364,-0.0003,0.0013,-5.6979,-5.3368,0.0,0.0,2.6877,0.4982,-1.2837,0.0,0.0,0.0,0.0,1.765,searching_wall
2026-07-09 12:28:48.786,65.533,1.192,0.852,11.384,-0.0002,-0.0012,-5.7014,-5.3471,0.0,0.0,-0.1097,-0.6419,-0.2299,0.0,0.0,0.0,0.0,1.7716,searching_wall
2026-07-09 12:28:48.886,65.533,1.194,0.857,11.366,-0.0002,-0.0002,-5.7047,-5.3568,0.0,0.0,0.376,-0.3353,0.4982,0.0,0.0,0.0,0.0,1.7777,searching_wall
2026-07-09 12:28:48.986,65.533,1.193,0.857,11.385,-0.0009,-0.0016,-5.7078,-5.3668,0.0,0.0,1.0589,-0.2203,-0.0383,0.0,0.0,0.0,0.0,1.7839,searching_wall
2026-07-09 12:28:49.086,65.533,1.19,0.856,11.368,-0.0019,-0.0008,-5.71,-5.3771,0.0,0.0,1.3518,0.0096,0.2874,0.0,0.0,0.0,0.0,1.7893,searching_wall
2026-07-09 12:28:49.186,65.533,1.204,0.854,11.388,-0.0008,-0.0073,-5.7119,-5.3866,0.0,0.0,-0.0799,-0.2874,0.7951,0.0,0.0,0.0,0.0,1.7942,searching_wall
2026-07-09 12:28:49.286,65.533,1.191,0.851,11.37,-0.0009,-0.0042,-5.7142,-5.3948,0.0,0.0,0.0266,-0.3832,-0.479,0.0,0.0,0.0,0.0,1.7991,searching_wall
2026-07-09 12:28:49.387,65.533,1.199,0.858,11.382,-0.0013,-0.0069,-5.7165,-5.4045,0.0,0.0,0.033,0.2682,0.0575,0.0,0.0,0.0,0.0,1.8045,searching_wall
2026-07-09 12:28:49.486,65.533,1.196,0.853,11.379,-0.0012,-0.0034,-5.7187,-5.4129,0.0,0.0,-0.1811,-0.0862,0.0958,0.0,0.0,0.0,0.0,1.8094,searching_wall
2026-07-09 12:28:49.586,65.533,1.2,0.855,11.374,-0.0002,-0.0042,-5.7213,-5.4209,0.0,0.0,-0.1768,0.0862,0.7568,0.0,0.0,0.0,0.0,1.8146,searching_wall
2026-07-09 12:28:49.687,65.533,1.189,0.864,11.36,-0.0004,0.0031,-5.7245,-5.4314,0.0,0.0,-0.4719,-0.0479,0.6802,0.0,0.0,0.0,0.0,1.8213,searching_wall
2026-07-09 12:28:49.787,65.533,1.2,0.852,11.378,0.0002,0.0093,-5.7283,-5.4409,0.0,0.0,2.6877,0.4982,-1.2837,0.0,0.0,0.0,0.0,1.8282,searching_wall
2026-07-09 12:28:49.886,65.533,1.195,0.858,11.373,0.0008,0.0073,-5.7341,-5.4546,0.0,0.0,-0.7499,0.0862,0.3257,0.0,0.0,0.0,0.0,1.8385,searching_wall
2026-07-09 12:28:49.986,65.533,1.197,0.866,11.379,0.0006,0.0158,-5.7391,-5.4664,0.0,0.0,-0.13,-0.3066,-1.734,0.0,0.0,0.0,0.0,1.8474,searching_wall
2026-07-09 12:28:50.086,65.533,1.199,0.853,11.374,0.0005,0.0143,-5.7433,-5.4771,0.0,0.0,2.6877,0.4982,-1.2837,0.0,0.0,0.0,0.0,1.8553,searching_wall
2026-07-09 12:28:50.186,65.533,1.2,0.856,11.384,0.0006,0.0095,-5.7482,-5.4895,0.0,0.0,0.4059,0.2874,-0.115,0.0,0.0,0.0,0.0,1.8644,searching_wall
2026-07-09 12:28:50.286,65.533,1.198,0.852,11.374,0.0002,0.014,-5.7531,-5.5024,0.0,0.0,0.8362,-0.2395,-0.5556,0.0,0.0,0.0,0.0,1.8738,searching_wall
2026-07-09 12:28:50.386,65.533,1.194,0.858,11.377,-0.0004,0.0086,-5.7574,-5.5162,0.0,0.0,1.2751,-0.0671,-0.2491,0.0,0.0,0.0,0.0,1.883,searching_wall
2026-07-09 12:28:50.486,65.533,1.198,0.854,11.375,-0.0005,0.003,-5.7605,-5.5289,0.0,0.0,0.0639,0.2012,0.2299,0.0,0.0,0.0,0.0,1.8908,searching_wall
2026-07-09 12:28:50.586,65.533,1.2,0.855,11.374,-0.0004,0.0053,-5.7638,-5.5415,0.0,0.0,0.0767,0.0383,0.6035,0.0,0.0,0.0,0.0,1.8988,searching_wall
2026-07-09 12:28:50.686,65.533,1.197,0.85,11.378,-0.0002,0.0036,-5.7671,-5.5536,0.0,0.0,0.0458,-0.2874,0.6514,0.0,0.0,0.0,0.0,1.9066,searching_wall
2026-07-09 12:28:50.786,65.533,1.202,0.858,11.38,-0.0002,0.007,-5.7706,-5.5654,0.0,0.0,-0.8575,-0.3449,0.5077,0.0,0.0,0.0,0.0,1.9145,searching_wall
2026-07-09 12:28:50.886,65.533,1.201,0.856,11.392,0.0001,0.0116,-5.7739,-5.5769,0.0,0.0,-0.2983,-0.3066,0.4119,0.0,0.0,0.0,0.0,1.9222,searching_wall
2026-07-09 12:28:50.986,65.533,1.205,0.859,11.369,0.0001,0.0073,-5.7773,-5.5883,0.0,0.0,-0.3398,0.1054,-0.2587,0.0,0.0,0.0,0.0,1.93,searching_wall
2026-07-09 12:28:51.086,65.533,1.197,0.854,11.37,0.0008,0.0091,-5.7808,-5.5996,0.0,0.0,-1.044,-0.2491,0.3353,0.0,0.0,0.0,0.0,1.9378,searching_wall
2026-07-09 12:28:51.186,65.533,1.197,0.857,11.366,0.0008,-0.0045,-5.7841,-5.6095,0.0,0.0,-0.4133,-0.0958,1.6286,0.0,0.0,0.0,0.0,1.945,searching_wall
2026-07-09 12:28:51.286,65.533,1.201,0.856,11.387,0.0005,-0.0051,-5.7874,-5.6185,0.0,0.0,0.1065,0.2012,-0.6035,0.0,0.0,0.0,0.0,1.9517,searching_wall
2026-07-09 12:28:51.386,65.533,1.196,0.852,11.381,-0.0001,-0.0032,-5.7898,-5.6266,0.0,0.0,0.751,0.0383,-0.4982,0.0,0.0,0.0,0.0,1.9574,searching_wall
2026-07-09 12:28:51.486,65.533,1.193,0.851,11.389,-0.0008,-0.0021,-5.7917,-5.6351,0.0,0.0,0.6296,-0.0575,-0.0287,0.0,0.0,0.0,0.0,1.9627,searching_wall
2026-07-09 12:28:51.586,65.533,1.195,0.855,11.361,-0.0011,0.0115,-5.7937,-5.644,0.0,0.0,1.2336,0.0287,-0.3066,0.0,0.0,0.0,0.0,1.9683,searching_wall
2026-07-09 12:28:51.686,65.533,1.196,0.852,11.392,-0.0019,0.0054,-5.7942,-5.6523,0.0,0.0,0.4101,0.0862,0.5269,0.0,0.0,0.0,0.0,1.9724,searching_wall
2026-07-09 12:28:51.786,65.533,1.193,0.851,11.385,-0.0018,0.002,-5.7945,-5.6596,0.0,0.0,-0.0383,-0.6419,0.4024,0.0,0.0,0.0,0.0,1.9758,searching_wall
2026-07-09 12:28:51.886,65.533,1.195,0.853,11.354,-0.0012,0.0061,-5.7956,-5.6687,0.0,0.0,0.0256,-0.2012,0.0575,0.0,0.0,0.0,0.0,1.9808,searching_wall
2026-07-09 12:28:51.986,65.533,1.196,0.848,11.378,-0.0008,0.0043,-5.7975,-5.68,0.0,0.0,-0.0277,-0.479,0.5461,0.0,0.0,0.0,0.0,1.9876,searching_wall
2026-07-09 12:28:52.086,65.533,1.201,0.853,11.383,0.0002,0.0037,-5.8004,-5.6917,0.0,0.0,-0.637,-0.4886,-0.2012,0.0,0.0,0.0,0.0,1.9954,searching_wall
2026-07-09 12:28:52.186,65.533,1.197,0.856,11.399,0.0006,0.0021,-5.8043,-5.7033,0.0,0.0,-0.1023,-0.7185,-0.6898,0.0,0.0,0.0,0.0,2.0041,searching_wall
2026-07-09 12:28:52.286,65.533,1.197,0.847,11.384,0.0012,0.0017,-5.8079,-5.7143,0.0,0.0,-0.5156,-0.3928,2.1747,0.0,0.0,0.0,0.0,2.0123,searching_wall
2026-07-09 12:28:52.386,65.533,1.196,0.852,11.384,0.0018,0.0057,-5.8119,-5.7257,0.0,0.0,-0.9641,0.2012,0.1437,0.0,0.0,0.0,0.0,2.0211,searching_wall
2026-07-09 12:28:52.486,65.533,1.2,0.859,11.372,0.0026,0.0056,-5.8166,-5.7369,0.0,0.0,-0.4144,0.0,-0.6993,0.0,0.0,0.0,0.0,2.0305,searching_wall
2026-07-09 12:28:52.586,65.533,1.204,0.855,11.389,0.0019,0.0006,-5.8212,-5.7473,0.0,0.0,0.3036,-0.4024,0.7568,0.0,0.0,0.0,0.0,2.0394,searching_wall
2026-07-09 12:28:52.686,65.533,1.197,0.852,11.372,0.0021,0.0076,-5.8258,-5.758,0.0,0.0,2.6877,0.4982,-1.2837,0.0,0.0,0.0,0.0,2.0485,searching_wall
2026-07-09 12:28:52.786,65.533,1.195,0.849,11.37,0.0003,0.0068,-5.8295,-5.7702,0.0,0.0,1.0504,0.1437,-0.2587,0.0,0.0,0.0,0.0,2.0575,searching_wall
2026-07-09 12:28:52.886,65.533,1.191,0.848,11.373,-0.0008,0.0039,-5.8319,-5.7832,0.0,0.0,0.9492,0.1245,0.7281,0.0,0.0,0.0,0.0,2.0658,searching_wall
2026-07-09 12:28:52.986,65.533,1.2,0.849,11.381,-0.0006,-0.0006,-5.8333,-5.7934,0.0,0.0,0.0522,-0.4407,-0.5365,0.0,0.0,0.0,0.0,2.0719,searching_wall
2026-07-09 12:28:53.086,65.533,1.2,0.853,11.369,-0.0005,-0.0006,-5.8346,-5.8035,0.0,0.0,-0.0043,-0.0671,0.2491,0.0,0.0,0.0,0.0,2.078,searching_wall
2026-07-09 12:28:53.186,65.533,1.206,0.854,11.384,-0.0004,0.0008,-5.8361,-5.8139,0.0,0.0,-0.016,-0.115,-0.0575,0.0,0.0,0.0,0.0,2.0843,searching_wall
2026-07-09 12:28:53.286,65.533,1.197,0.861,11.365,-0.0004,0.0009,-5.837,-5.8204,0.0,0.0,-0.0426,-0.3257,1.0346,0.0,0.0,0.0,0.0,2.0883,searching_wall
2026-07-09 12:28:53.386,65.533,1.19,0.856,11.367,0.0001,0.0174,-5.8406,-5.8358,0.0,0.0,-0.6413,-0.6898,-0.7089,0.0,0.0,0.0,0.0,2.0991,searching_wall
2026-07-09 12:28:53.486,65.533,1.196,0.852,11.366,0.0003,0.0074,-5.843,-5.8474,0.0,0.0,-0.2003,-0.5844,0.0,0.0,0.0,0.0,0.0,2.1069,searching_wall
2026-07-09 12:28:53.586,65.533,1.193,0.86,11.388,0.0006,0.0114,-5.8457,-5.8604,0.0,0.0,-0.4858,0.0096,0.3736,0.0,0.0,0.0,0.0,2.1158,searching_wall
2026-07-09 12:28:53.686,65.533,1.195,0.861,11.369,0.0015,0.0104,-5.849,-5.8729,0.0,0.0,-0.8053,-0.3928,-0.2587,0.0,0.0,0.0,0.0,2.1249,searching_wall
2026-07-09 12:28:53.787,65.533,1.196,0.861,11.375,0.0017,0.0082,-5.8523,-5.8849,0.0,0.0,0.1715,-0.4024,0.0192,0.0,0.0,0.0,0.0,2.1339,searching_wall
2026-07-09 12:28:53.886,65.533,1.191,0.862,11.389,0.0017,0.0088,-5.8555,-5.897,0.0,0.0,-0.0011,-0.182,-0.2682,0.0,0.0,0.0,0.0,2.1429,searching_wall
2026-07-09 12:28:53.986,65.533,1.198,0.856,11.384,0.0022,0.0091,-5.8591,-5.9089,0.0,0.0,0.1662,-0.0479,0.0,0.0,0.0,0.0,0.0,2.1521,searching_wall
2026-07-09 12:28:54.086,65.533,1.195,0.855,11.357,0.0011,0.0048,-5.8617,-5.9182,0.0,0.0,-0.032,-0.4982,0.2299,0.0,0.0,0.0,0.0,2.1591,searching_wall
2026-07-09 12:28:54.187,65.533,1.196,0.852,11.376,0.0022,0.0064,-5.8652,-5.9317,0.0,0.0,2.6877,0.4982,-1.2837,0.0,0.0,0.0,0.0,2.1692,searching_wall
2026-07-09 12:28:54.286,65.533,1.2,0.851,11.365,-0.0,0.0086,-5.8683,-5.9459,0.0,0.0,1.7002,0.2682,-0.6706,0.0,0.0,0.0,0.0,2.1793,searching_wall
2026-07-09 12:28:54.386,65.533,1.201,0.856,11.372,-0.001,0.0056,-5.8688,-5.9573,0.0,0.0,0.587,0.5173,0.9388,0.0,0.0,0.0,0.0,2.1858,searching_wall
2026-07-09 12:28:54.486,65.533,1.198,0.854,11.359,-0.0019,-0.0072,-5.8687,-5.9687,0.0,0.0,-0.3622,0.0383,0.9197,0.0,0.0,0.0,0.0,2.1918,searching_wall
2026-07-09 12:28:54.586,65.533,1.201,0.855,11.39,-0.0014,-0.0024,-5.8682,-5.9782,0.0,0.0,0.0522,0.0383,-0.5652,0.0,0.0,0.0,0.0,2.1965,searching_wall
2026-07-09 12:28:54.686,65.533,1.198,0.854,11.384,-0.0006,-0.0088,-5.8675,-5.9863,0.0,0.0,-1.0472,0.2682,1.0155,0.0,0.0,0.0,0.0,2.2002,searching_wall
2026-07-09 12:28:54.786,65.533,1.199,0.857,11.378,0.0,-0.0078,-5.8678,-5.9946,0.0,0.0,-0.7286,-0.4407,0.6227,0.0,0.0,0.0,0.0,2.205,searching_wall
2026-07-09 12:28:54.886,65.533,1.189,0.859,11.376,0.0005,-0.0105,-5.8695,-6.0036,0.0,0.0,-0.0266,-0.1916,-1.1688,0.0,0.0,0.0,0.0,2.2113,searching_wall
2026-07-09 12:28:54.986,65.533,1.192,0.861,11.384,0.0001,-0.0017,-5.8708,-6.0117,0.0,0.0,0.0671,0.3928,0.3545,0.0,0.0,0.0,0.0,2.2169,searching_wall
2026-07-09 12:28:55.086,65.533,1.197,0.841,11.38,0.0006,-0.0113,-5.8721,-6.0203,0.0,0.0,-0.7222,-0.3353,1.7819,0.0,0.0,0.0,0.0,2.2227,searching_wall
2026-07-09 12:28:55.186,65.533,1.2,0.854,11.361,0.003,0.0149,-5.8752,-6.0309,0.0,0.0,2.6877,0.4982,-1.2837,0.0,0.0,0.0,0.0,2.2311,searching_wall
2026-07-09 12:28:55.286,65.533,1.191,0.85,11.38,0.0029,0.0127,-5.8792,-6.0429,0.0,0.0,-0.7127,0.4311,-0.661,0.0,0.0,0.0,0.0,2.2411,searching_wall
2026-07-09 12:28:55.386,65.533,1.201,0.852,11.358,0.0022,0.0095,-5.883,-6.0538,0.0,0.0,-0.2557,0.0862,-1.916,0.0,0.0,0.0,0.0,2.2504,searching_wall
2026-07-09 12:28:55.486,65.533,1.198,0.855,11.39,0.0019,0.0053,-5.8867,-6.0639,0.0,0.0,0.0927,0.6419,-1.8202,0.0,0.0,0.0,0.0,2.2591,searching_wall
2026-07-09 12:28:55.586,65.533,1.195,0.849,11.35,0.0027,0.0086,-5.89,-6.0741,0.0,0.0,-0.2035,1.0442,-2.5004,0.0,0.0,0.0,0.0,2.2676,searching_wall
2026-07-09 12:28:55.686,65.533,1.196,0.85,11.359,0.0041,0.0172,-5.8935,-6.0845,0.0,0.0,-0.3601,0.4024,-0.4407,0.0,0.0,0.0,0.0,2.2764,searching_wall
2026-07-09 12:28:55.786,65.533,1.19,0.854,11.373,0.0033,0.0159,-5.898,-6.0959,0.0,0.0,0.0746,0.2395,-1.2646,0.0,0.0,0.0,0.0,2.2865,searching_wall
2026-07-09 12:28:55.886,65.533,1.2,0.856,11.359,0.0041,0.0202,-5.9024,-6.1081,0.0,0.0,2.6877,0.4982,-1.2837,0.0,0.0,0.0,0.0,2.2971,searching_wall
2026-07-09 12:28:55.986,65.533,1.199,0.852,11.36,0.0044,0.0227,-5.907,-6.1214,0.0,0.0,1.2602,0.3353,-3.286,0.0,0.0,0.0,0.0,2.3085,searching_wall
2026-07-09 12:28:56.086,65.533,1.196,0.855,11.38,0.0014,0.0076,-5.9106,-6.1343,0.0,0.0,2.6877,0.4982,-1.2837,0.0,0.0,0.0,0.0,2.3189,searching_wall
2026-07-09 12:28:56.186,65.533,1.201,0.859,11.372,0.0,0.0143,-5.9119,-6.1472,0.0,0.0,1.0642,0.479,0.4119,0.0,0.0,0.0,0.0,2.3274,searching_wall
2026-07-09 12:28:56.286,65.533,1.195,0.856,11.358,-0.0,0.0083,-5.9125,-6.1591,0.0,0.0,-0.0905,-0.0383,-0.958,0.0,0.0,0.0,0.0,2.3349,searching_wall
2026-07-09 12:28:56.386,65.533,1.201,0.859,11.375,0.0011,0.0027,-5.9137,-6.1707,0.0,0.0,-0.0138,-0.2108,0.4024,0.0,0.0,0.0,0.0,2.3426,searching_wall
2026-07-09 12:28:56.486,65.533,1.201,0.85,11.366,0.0016,-0.0048,-5.9152,-6.1813,0.0,0.0,-0.8373,0.4503,0.3736,0.0,0.0,0.0,0.0,2.3501,searching_wall
2026-07-09 12:28:56.586,65.533,1.202,0.856,11.35,0.0016,0.0073,-5.9169,-6.1925,0.0,0.0,-0.6285,-0.9772,-0.9963,0.0,0.0,0.0,0.0,2.3581,searching_wall
2026-07-09 12:28:56.686,65.533,1.199,0.849,11.38,0.0008,0.0002,-5.9186,-6.2036,0.0,0.0,-0.0149,-0.4886,0.4215,0.0,0.0,0.0,0.0,2.3661,searching_wall
2026-07-09 12:28:56.786,65.533,1.196,0.852,11.39,0.0019,0.0065,-5.9203,-6.2145,0.0,0.0,-0.2834,-0.0192,0.2682,0.0,0.0,0.0,0.0,2.3739,searching_wall
2026-07-09 12:28:56.886,65.533,1.2,0.856,11.37,0.0025,0.0059,-5.9227,-6.2256,0.0,0.0,-0.751,-0.0192,-0.8239,0.0,0.0,0.0,0.0,2.3825,searching_wall
2026-07-09 12:28:56.986,65.533,1.196,0.86,11.369,0.0024,0.007,-5.9255,-6.2377,0.0,0.0,2.6877,0.4982,-1.2837,0.0,0.0,0.0,0.0,2.392,searching_wall
2026-07-09 12:28:57.087,65.533,1.192,0.854,11.362,0.002,0.0071,-5.9279,-6.2495,0.0,0.0,-0.261,0.3449,2.8932,0.0,0.0,0.0,0.0,2.4011,searching_wall
2026-07-09 12:28:57.186,65.533,1.196,0.844,11.366,0.0016,0.0089,-5.9303,-6.2625,0.0,0.0,0.0,0.0766,-0.3832,0.0,0.0,0.0,0.0,2.4109,searching_wall
2026-07-09 12:28:57.286,65.533,1.202,0.857,11.375,0.0021,0.0031,-5.9315,-6.2694,0.0,0.0,-0.0788,-0.3161,0.4503,0.0,0.0,0.0,0.0,2.416,searching_wall
2026-07-09 12:28:57.386,65.533,1.197,0.857,11.381,0.0016,0.007,-5.9346,-6.2868,0.0,0.0,0.0852,0.0575,-0.364,0.0,0.0,0.0,0.0,2.4292,searching_wall
2026-07-09 12:28:57.486,65.533,1.195,0.85,11.361,0.0012,0.0035,-5.9362,-6.2988,0.0,0.0,0.0842,-0.2299,0.2299,0.0,0.0,0.0,0.0,2.4378,searching_wall
2026-07-09 12:28:57.586,65.533,1.196,0.852,11.369,0.0018,0.0105,-5.9377,-6.3102,0.0,0.0,0.4581,0.1916,-0.5461,0.0,0.0,0.0,0.0,2.446,searching_wall
2026-07-09 12:28:57.686,65.533,1.204,0.852,11.367,0.0001,0.0139,-5.9385,-6.3239,0.0,0.0,1.1697,-0.0192,-0.3449,0.0,0.0,0.0,0.0,2.4552,searching_wall
2026-07-09 12:28:57.786,65.533,1.195,0.852,11.364,-0.0002,0.0079,-5.9379,-6.3376,0.0,0.0,0.6967,0.1437,0.7472,0.0,0.0,0.0,0.0,2.4633,searching_wall
2026-07-09 12:28:57.886,65.533,1.197,0.856,11.366,0.0,0.0085,-5.9375,-6.3499,0.0,0.0,-0.3281,-0.297,0.4407,0.0,0.0,0.0,0.0,2.4707,searching_wall
2026-07-09 12:28:57.986,65.533,1.196,0.854,11.383,0.0,0.0104,-5.9369,-6.3623,0.0,0.0,-0.4133,0.0862,-0.2299,0.0,0.0,0.0,0.0,2.4781,searching_wall
2026-07-09 12:28:58.086,65.533,1.192,0.861,11.373,0.0003,0.002,-5.9365,-6.3741,0.0,0.0,-1.126,-0.1054,0.0862,0.0,0.0,0.0,0.0,2.4852,searching_wall
2026-07-09 12:28:58.186,65.533,1.205,0.852,11.367,0.0003,-0.0033,-5.9361,-6.3855,0.0,0.0,-0.0128,-0.3161,0.9388,0.0,0.0,0.0,0.0,2.4922,searching_wall
2026-07-09 12:28:58.286,65.533,1.191,0.852,11.368,0.0007,-0.001,-5.936,-6.395,0.0,0.0,2.6877,0.4982,-1.2837,0.0,0.0,0.0,0.0,2.4982,searching_wall
2026-07-09 12:28:58.386,65.533,1.194,0.844,11.373,0.0019,0.0007,-5.9366,-6.4028,0.0,0.0,-0.359,-0.3066,0.661,0.0,0.0,0.0,0.0,2.5037,searching_wall
2026-07-09 12:28:58.486,65.533,1.197,0.854,11.376,0.0021,0.0038,-5.9379,-6.4144,0.0,0.0,-0.4794,0.3257,-0.5461,0.0,0.0,0.0,0.0,2.5121,searching_wall
2026-07-09 12:28:58.586,65.533,1.201,0.86,11.359,0.0037,0.0108,-5.9394,-6.4265,0.0,0.0,-0.9161,0.182,-1.6095,0.0,0.0,0.0,0.0,2.5211,searching_wall
2026-07-09 12:28:58.686,65.533,1.192,0.85,11.37,0.0043,0.0053,-5.9421,-6.4388,0.0,0.0,-1.1739,-0.3449,0.1533,0.0,0.0,0.0,0.0,2.5311,searching_wall
2026-07-09 12:28:58.786,65.533,1.207,0.849,11.38,0.0027,0.0012,-5.945,-6.4488,0.0,0.0,-0.0501,-0.1533,0.1437,0.0,0.0,0.0,0.0,2.5398,searching_wall
2026-07-09 12:28:58.886,65.533,1.194,0.861,11.363,0.003,0.0026,-5.9482,-6.4591,0.0,0.0,-0.5401,-0.1341,-0.2778,0.0,0.0,0.0,0.0,2.549,searching_wall
2026-07-09 12:28:58.986,65.533,1.189,0.854,11.374,0.0034,0.0003,-5.951,-6.4682,0.0,0.0,0.0288,0.1629,0.3545,0.0,0.0,0.0,0.0,2.5571,searching_wall
2026-07-09 12:28:59.086,65.533,1.191,0.85,11.379,0.0028,0.0046,-5.9535,-6.4779,0.0,0.0,0.0469,-0.182,0.3736,0.0,0.0,0.0,0.0,2.5653,searching_wall
2026-07-09 12:28:59.186,65.533,1.194,0.855,11.384,0.0028,0.0078,-5.9563,-6.4897,0.0,0.0,0.0053,0.0383,-0.0862,0.0,0.0,0.0,0.0,2.5752,searching_wall
2026-07-09 12:28:59.286,65.533,1.19,0.855,11.375,0.0022,0.0071,-5.9586,-6.5022,0.0,0.0,0.2301,0.0862,0.3545,0.0,0.0,0.0,0.0,2.5851,searching_wall
2026-07-09 12:28:59.386,11.581,1.191,0.847,11.375,0.0024,0.0012,-5.9598,-6.5133,0.0,0.0,0.2237,0.2587,0.4311,0.0,0.0,0.0,0.0,2.5934,searching_wall
2026-07-09 12:28:59.486,65.533,1.187,0.855,9.896,0.0018,-0.0007,-5.9608,-6.5228,0.0,0.0,2.6877,0.4982,-1.2837,0.0,0.0,0.0,0.0,2.6004,searching_wall
2026-07-09 12:28:59.586,65.533,1.195,0.849,9.996,0.0023,-0.0031,-5.9623,-6.5325,0.0,0.0,0.0415,-0.364,0.1629,0.0,0.0,0.0,0.0,2.608,searching_wall
2026-07-09 12:28:59.686,65.533,1.193,0.856,11.399,0.0027,0.001,-5.9634,-6.5422,0.0,0.0,0.4602,0.0096,-0.297,0.0,0.0,0.0,0.0,2.6153,searching_wall
2026-07-09 12:28:59.786,65.533,1.188,0.849,10.107,0.0022,0.0044,-5.9647,-6.5524,0.0,0.0,0.8725,-0.0479,0.1916,0.0,0.0,0.0,0.0,2.6231,searching_wall
2026-07-09 12:28:59.886,65.533,1.189,0.853,11.367,0.0022,0.0049,-5.9662,-6.5641,0.0,0.0,1.2517,-0.1054,-0.1245,0.0,0.0,0.0,0.0,2.6321,searching_wall
2026-07-09 12:28:59.986,65.533,1.194,0.857,11.381,0.0023,0.0115,-5.9674,-6.5772,0.0,0.0,1.7822,0.2587,0.594,0.0,0.0,0.0,0.0,2.6418,searching_wall
2026-07-09 12:29:00.086,65.533,1.199,0.848,11.374,0.0003,0.0062,-5.9668,-6.5906,0.0,0.0,1.4189,0.1724,-0.0479,0.0,0.0,0.0,0.0,2.6504,searching_wall
2026-07-09 12:29:00.186,65.533,1.193,0.852,11.391,0.0002,0.0069,-5.9653,-6.6038,0.0,0.0,0.5273,-0.0862,-0.0287,0.0,0.0,0.0,0.0,2.6583,searching_wall
2026-07-09 12:29:00.286,65.533,1.193,0.856,11.38,-0.0004,0.0057,-5.9632,-6.6161,0.0,0.0,0.1736,-0.2395,0.4311,0.0,0.0,0.0,0.0,2.6651,searching_wall
2026-07-09 12:29:00.386,65.533,1.209,0.859,11.374,-0.0002,0.0086,-5.961,-6.6289,0.0,0.0,2.6877,0.4982,-1.2837,0.0,0.0,0.0,0.0,2.6723,searching_wall
2026-07-09 12:29:00.486,65.533,1.195,0.85,11.369,0.0001,0.0074,-5.9591,-6.641,0.0,0.0,-0.0362,-0.1341,0.5748,0.0,0.0,0.0,0.0,2.6793,searching_wall
2026-07-09 12:29:00.586,65.533,1.2,0.855,11.388,0.0007,0.0034,-5.9576,-6.6528,0.0,0.0,-0.6349,0.3545,0.5844,0.0,0.0,0.0,0.0,2.6863,searching_wall
2026-07-09 12:29:00.686,65.533,1.195,0.847,11.378,-0.0003,0.0141,-5.9557,-6.665,0.0,0.0,-0.1651,-0.661,-0.6227,0.0,0.0,0.0,0.0,2.6934,searching_wall
2026-07-09 12:29:00.786,65.533,1.193,0.857,11.382,0.0003,0.0063,-5.9539,-6.6771,0.0,0.0,0.1012,-0.1054,0.2395,0.0,0.0,0.0,0.0,2.7005,searching_wall
2026-07-09 12:29:00.886,65.533,1.189,0.859,11.349,0.0004,0.0091,-5.9519,-6.6894,0.0,0.0,-0.49,-0.1245,0.5652,0.0,0.0,0.0,0.0,2.7077,searching_wall
2026-07-09 12:29:00.986,65.533,1.197,0.851,11.382,0.0005,0.0072,-5.9499,-6.7018,0.0,0.0,-0.8192,-0.1916,0.1245,0.0,0.0,0.0,0.0,2.715,searching_wall
2026-07-09 12:29:01.086,65.533,1.193,0.854,11.366,0.0009,0.0071,-5.9482,-6.7141,0.0,0.0,-0.3931,0.1054,-0.7377,0.0,0.0,0.0,0.0,2.7224,searching_wall
2026-07-09 12:29:01.186,65.533,1.193,0.856,11.396,0.001,0.0081,-5.9467,-6.7265,0.0,0.0,0.0309,0.0575,0.5269,0.0,0.0,0.0,0.0,2.7301,searching_wall
2026-07-09 12:29:01.286,65.533,1.188,0.859,11.362,0.0009,0.0062,-5.9449,-6.7383,0.0,0.0,0.1353,0.0766,0.479,0.0,0.0,0.0,0.0,2.7372,searching_wall
2026-07-09 12:29:01.386,65.533,1.194,0.854,11.372,0.0012,0.0093,-5.943,-6.7507,0.0,0.0,0.2631,-0.2395,-0.6706,0.0,0.0,0.0,0.0,2.7447,searching_wall
2026-07-09 12:29:01.486,65.533,1.197,0.851,11.367,-0.0005,-0.0003,-5.9407,-6.7616,0.0,0.0,0.6775,0.0096,-0.2682,0.0,0.0,0.0,0.0,2.7509,searching_wall
2026-07-09 12:29:01.586,65.533,1.196,0.857,11.36,-0.0015,0.0028,-5.9373,-6.7723,0.0,0.0,1.3295,-0.4503,-0.6035,0.0,0.0,0.0,0.0,2.7562,searching_wall
2026-07-09 12:29:01.686,65.533,1.199,0.855,11.39,-0.0003,0.0004,-5.9336,-6.7834,0.0,0.0,-0.0756,0.0,0.5844,0.0,0.0,0.0,0.0,2.7616,searching_wall
2026-07-09 12:29:01.786,65.533,1.198,0.856,11.367,-0.0019,-0.0041,-5.9304,-6.7923,0.0,0.0,-0.0937,-0.4503,-0.2682,0.0,0.0,0.0,0.0,2.7658,searching_wall
2026-07-09 12:29:01.886,65.533,1.202,0.85,11.395,-0.0015,-0.0087,-5.9269,-6.8003,0.0,0.0,-0.0991,-0.2203,0.4407,0.0,0.0,0.0,0.0,2.7692,searching_wall
2026-07-09 12:29:01.986,65.533,1.196,0.855,11.363,-0.0,0.0002,-5.9249,-6.8082,0.0,0.0,-0.9246,-0.7951,-0.5365,0.0,0.0,0.0,0.0,2.7735,searching_wall
2026-07-09 12:29:02.086,65.533,1.191,0.853,11.353,0.0003,-0.0021,-5.9239,-6.8147,0.0,0.0,-0.9928,-0.3066,-0.479,0.0,0.0,0.0,0.0,2.7776,searching_wall
2026-07-09 12:29:02.186,65.533,1.197,0.861,11.358,0.0007,-0.0049,-5.9235,-6.8187,0.0,0.0,-1.3742,0.0192,0.7281,0.0,0.0,0.0,0.0,2.7802,searching_wall
2026-07-09 12:29:02.286,65.533,1.192,0.855,11.366,0.0031,0.0003,-5.924,-6.8261,0.0,0.0,-2.2648,0.2778,0.0575,0.0,0.0,0.0,0.0,2.786,searching_wall
2026-07-09 12:29:02.386,65.533,1.195,0.846,11.364,0.0105,0.0044,-5.9275,-6.8341,0.0,0.0,-3.2512,1.3316,0.364,0.0,0.0,0.0,0.0,2.7942,searching_wall
2026-07-09 12:29:02.486,65.533,1.192,0.851,11.382,0.0104,-0.0007,-5.9349,-6.842,0.0,0.0,-3.2203,1.0155,-0.1341,0.0,0.0,0.0,0.0,2.805,searching_wall
2026-07-09 12:29:02.586,65.533,1.189,0.85,11.391,0.0156,-0.0153,-5.9499,-6.8515,0.0,0.0,-1.9995,-0.6035,1.1592,0.0,0.0,0.0,0.0,2.8222,searching_wall
2026-07-09 12:29:02.686,65.533,1.188,0.85,11.369,0.0135,-0.0236,-5.9612,-6.8577,0.0,0.0,-1.0013,-0.1245,-0.2778,0.0,0.0,0.0,0.0,2.8345,searching_wall
2026-07-09 12:29:02.787,65.533,1.197,0.845,11.388,0.0074,-0.0165,-5.969,-6.8626,0.0,0.0,-1.0237,0.2874,0.2874,0.0,0.0,0.0,0.0,2.8434,searching_wall
2026-07-09 12:29:02.886,65.533,1.191,0.845,11.389,0.0074,-0.0242,-5.9763,-6.8681,0.0,0.0,-0.0778,0.1341,0.4886,0.0,0.0,0.0,0.0,2.8524,searching_wall
2026-07-09 12:29:02.986,65.533,1.198,0.858,11.392,0.006,-0.0184,-5.9816,-6.8726,0.0,0.0,0.3121,-0.3736,-0.0096,0.0,0.0,0.0,0.0,2.8593,searching_wall
2026-07-09 12:29:03.086,65.533,1.188,0.848,11.407,0.0138,-0.0344,-5.9904,-6.8783,0.0,0.0,2.0389,0.5748,2.8644,0.0,0.0,0.0,0.0,2.8695,searching_wall
2026-07-09 12:29:03.186,65.533,1.191,0.839,11.414,0.021,-0.0019,-6.0079,-6.8857,0.0,0.0,4.7905,3.1614,-10.2603,0.0,0.0,0.0,0.0,2.8869,searching_wall
2026-07-09 12:29:03.286,11.549,1.171,0.845,11.367,0.0152,0.0193,-6.0288,-6.9043,0.0,0.0,4.1588,1.8681,-1.2933,0.0,0.0,0.0,0.0,2.9148,searching_wall
2026-07-09 12:29:03.386,11.619,1.167,0.834,11.387,0.0151,0.025,-6.0406,-6.9268,0.0,0.0,0.8096,1.4083,-0.2203,0.0,0.0,0.0,0.0,2.9392,searching_wall
2026-07-09 12:29:03.486,11.569,1.164,0.834,11.378,0.028,0.0665,-6.0539,-6.9494,0.0,0.0,-5.6725,2.4717,0.4982,0.0,0.0,0.0,0.0,2.9648,searching_wall
2026-07-09 12:29:03.586,11.669,1.163,0.828,11.378,0.0094,-0.023,-6.0735,-6.9599,0.0,0.0,-5.6832,1.5903,-1.8106,0.0,0.0,0.0,0.0,2.9859,searching_wall
2026-07-09 12:29:03.686,11.633,1.169,0.828,11.404,0.0071,-0.0117,-6.0793,-6.9664,0.0,0.0,1.5883,0.8622,0.5077,0.0,0.0,0.0,0.0,2.9946,searching_wall
2026-07-09 12:29:03.786,11.57,1.166,0.82,11.393,0.0211,-0.0249,-6.0905,-6.9771,0.0,0.0,-0.1651,1.0634,-3.3434,0.0,0.0,0.0,0.0,3.0101,searching_wall
2026-07-09 12:29:03.886,65.533,1.164,0.811,11.43,0.0244,-0.0121,-6.1149,-6.9905,0.0,0.0,2.6877,0.4982,-1.2837,0.0,0.0,0.0,0.0,3.0366,searching_wall
2026-07-09 12:29:03.986,11.627,1.118,0.799,11.382,0.0299,-0.0166,-6.1436,-7.0112,0.0,0.0,1.8994,12.9523,-8.9095,0.0,0.0,0.0,0.0,3.0714,searching_wall
2026-07-09 12:29:04.086,11.623,1.082,0.789,11.347,0.0221,0.0101,-6.1648,-7.0309,0.0,0.0,-2.8048,7.597,-4.8667,0.0,0.0,0.0,0.0,3.1003,searching_wall
2026-07-09 12:29:04.186,11.624,1.054,0.774,11.326,0.0279,-0.0003,-6.1867,-7.0498,0.0,0.0,-0.9992,19.6104,-19.62,0.0,0.0,0.0,0.0,3.1291,searching_wall
2026-07-09 12:29:04.286,11.625,1.026,0.741,0.997,0.0289,-0.022,-6.2092,-7.0664,0.1,0.0,0.8469,1.6382,-4.3589,0.0,0.0,0.0,0.0,3.1566,approaching_wall
2026-07-09 12:29:04.386,11.596,0.997,0.711,11.412,0.0236,-0.008,-6.2362,-7.0797,0.0,0.0,0.8756,2.3854,0.1629,0.0,0.0,0.0,0.0,3.185,searching_wall
2026-07-09 12:29:04.486,11.61,0.937,0.677,11.387,0.0213,-0.0124,-6.2649,-7.0881,0.0,0.0,-0.2173,0.0096,0.1341,0.0,0.0,0.0,0.0,3.211,searching_wall
2026-07-09 12:29:04.586,11.637,0.258,0.645,11.393,0.0269,-0.0241,-6.2898,-7.0924,0.0,0.0,2.6877,0.4982,-1.2837,0.0,0.0,0.0,0.0,3.2315,searching_wall
2026-07-09 12:29:04.686,65.533,0.842,0.62,11.341,0.0139,-0.0084,-6.3095,-7.0944,0.0,0.0,2.6877,0.4982,-1.2837,0.0,0.0,0.0,0.0,3.2468,searching_wall
2026-07-09 12:29:04.786,65.533,0.782,0.604,6.247,0.0098,-0.0011,-6.3237,-7.0958,0.0,0.0,0.8245,0.5652,1.3029,0.0,0.0,0.0,0.0,3.2579,searching_wall
2026-07-09 12:29:04.886,2.06,0.734,0.593,5.199,0.0096,0.015,-6.3345,-7.0987,0.0,0.0,2.6877,0.4982,-1.2837,0.0,0.0,0.0,0.0,3.2675,searching_wall
2026-07-09 12:29:04.986,1.51,0.693,0.594,0.948,0.0065,0.0159,-6.3419,-7.1042,0.1,0.0,0.7212,-0.1245,1.437,0.0,0.0,0.0,0.0,3.2767,approaching_wall
2026-07-09 12:29:05.086,1.532,0.548,0.592,65.533,0.003,0.0146,-6.3466,-7.111,0.0,0.0,0.229,0.7664,0.5269,0.0,0.0,0.0,0.0,3.2848,searching_wall
2026-07-09 12:29:05.186,1.566,0.644,0.604,11.041,0.003,0.01,-6.3496,-7.1178,0.0,0.0,0.1076,-0.1437,1.1688,0.0,0.0,0.0,0.0,3.2917,searching_wall
2026-07-09 12:29:05.286,1.565,0.644,0.591,65.533,0.0019,0.0049,-6.3514,-7.1237,0.0,0.0,0.1886,-0.3545,0.1629,0.0,0.0,0.0,0.0,3.2972,searching_wall
2026-07-09 12:29:05.386,1.565,0.659,0.593,65.533,0.0026,0.0055,-6.353,-7.1296,0.0,0.0,0.1832,-0.1916,-0.3545,0.0,0.0,0.0,0.0,3.3025,searching_wall
2026-07-09 12:29:05.486,1.559,0.665,0.589,65.533,0.0036,0.0031,-6.3554,-7.1365,0.0,0.0,0.2226,0.0671,0.3928,0.0,0.0,0.0,0.0,3.3091,searching_wall
2026-07-09 12:29:05.586,1.561,0.65,0.598,65.533,0.0033,0.0064,-6.358,-7.1434,0.0,0.0,0.1822,-0.0287,0.1437,0.0,0.0,0.0,0.0,3.3158,searching_wall
2026-07-09 12:29:05.686,1.56,0.625,0.597,65.533,0.004,0.0036,-6.3609,-7.1508,0.0,0.0,0.2248,-0.1629,-0.0096,0.0,0.0,0.0,0.0,3.3231,searching_wall
2026-07-09 12:29:05.786,1.558,0.611,0.595,65.533,0.0023,0.0033,-6.3635,-7.158,0.0,0.0,0.1449,-0.2395,0.6514,0.0,0.0,0.0,0.0,3.33,searching_wall
2026-07-09 12:29:05.886,1.543,0.637,0.593,65.533,0.004,0.0025,-6.3663,-7.1658,0.0,0.0,2.6877,0.4982,-1.2837,0.0,0.0,0.0,0.0,3.3375,searching_wall
2026-07-09 12:29:05.986,1.565,0.627,0.595,65.533,0.0033,0.0065,-6.369,-7.1734,0.0,0.0,0.0607,0.1245,-0.115,0.0,0.0,0.0,0.0,3.3448,searching_wall
2026-07-09 12:29:06.086,1.55,0.63,0.59,65.533,0.0024,0.002,-6.3716,-7.181,0.0,0.0,0.0288,-0.2012,0.0,0.0,0.0,0.0,0.0,3.3521,searching_wall
2026-07-09 12:29:06.186,1.549,0.657,0.592,65.533,0.004,0.0009,-6.3744,-7.189,0.0,0.0,-0.0533,-0.3066,-0.0287,0.0,0.0,0.0,0.0,3.3597,searching_wall
2026-07-09 12:29:06.286,1.555,0.636,0.598,65.533,0.0032,0.0088,-6.377,-7.1965,0.0,0.0,0.0,0.0479,0.6419,0.0,0.0,0.0,0.0,3.3669,searching_wall
2026-07-09 12:29:06.387,1.558,0.608,0.592,65.533,0.0022,0.0057,-6.3785,-7.2016,0.0,0.0,2.6877,0.4982,-1.2837,0.0,0.0,0.0,0.0,3.3716,searching_wall
2026-07-09 12:29:06.486,1.554,0.625,0.592,65.533,0.0027,0.0016,-6.3818,-7.2112,0.0,0.0,0.0064,0.1341,0.5077,0.0,0.0,0.0,0.0,3.3808,searching_wall
2026-07-09 12:29:06.586,1.554,0.596,0.596,65.533,0.0043,0.0017,-6.3841,-7.2175,0.0,0.0,2.6877,0.4982,-1.2837,0.0,0.0,0.0,0.0,3.3869,searching_wall
2026-07-09 12:29:06.686,1.559,0.613,0.592,65.533,0.0041,0.002,-6.3868,-7.2251,0.0,0.0,0.0341,0.0383,0.0862,0.0,0.0,0.0,0.0,3.3942,searching_wall
2026-07-09 12:29:06.786,1.552,0.639,0.592,65.533,0.0037,0.0028,-6.3901,-7.2347,0.0,0.0,0.0383,0.2299,-0.4598,0.0,0.0,0.0,0.0,3.4034,searching_wall
2026-07-09 12:29:06.886,1.559,0.659,0.587,65.533,0.0029,0.003,-6.3924,-7.2409,0.0,0.0,0.0117,-0.0575,0.6419,0.0,0.0,0.0,0.0,3.4094,searching_wall
2026-07-09 12:29:06.986,1.552,0.632,0.594,65.533,0.0036,0.0016,-6.3952,-7.2489,0.0,0.0,0.0639,-0.1341,0.2874,0.0,0.0,0.0,0.0,3.4171,searching_wall
2026-07-09 12:29:07.086,1.55,0.626,0.593,65.533,0.0033,0.0007,-6.3983,-7.2583,0.0,0.0,-0.0245,-0.2395,0.2491,0.0,0.0,0.0,0.0,3.426,searching_wall
2026-07-09 12:29:07.186,1.545,0.627,0.6,65.533,0.0024,0.0017,-6.4006,-7.2653,0.0,0.0,-0.0149,0.5269,0.6898,0.0,0.0,0.0,0.0,3.4327,searching_wall
2026-07-09 12:29:07.286,1.554,0.626,0.594,65.533,0.0028,0.0015,-6.403,-7.2728,0.0,0.0,-0.0341,-0.2108,0.7089,0.0,0.0,0.0,0.0,3.4397,searching_wall
2026-07-09 12:29:07.386,1.553,0.655,0.592,65.533,0.0028,0.0012,-6.4051,-7.2793,0.0,0.0,0.3409,-0.2012,0.3257,0.0,0.0,0.0,0.0,3.4459,searching_wall
2026-07-09 12:29:07.486,1.544,65.533,0.585,65.533,0.0008,-0.0003,-6.4064,-7.2837,0.0,0.0,0.4357,-0.2587,0.6514,0.0,0.0,0.0,0.0,3.45,searching_wall
2026-07-09 12:29:07.586,1.54,0.566,0.589,0.979,0.0004,-0.0013,-6.4068,-7.2861,0.1,0.0,0.6083,-0.2012,-0.364,0.0,0.0,0.0,0.0,3.452,approaching_wall
2026-07-09 12:29:07.686,1.531,0.69,0.587,0.895,-0.0,-0.0022,-6.4069,-7.2865,0.1,0.0,-0.0373,-0.3257,0.6802,0.0,0.0,0.0,0.0,3.4523,approaching_wall
2026-07-09 12:29:07.786,1.533,0.692,0.592,0.912,0.0,0.0002,-6.4069,-7.2865,0.1,0.0,-0.0298,0.0383,0.6419,0.0,0.0,0.0,0.0,3.4523,approaching_wall
2026-07-09 12:29:07.886,1.528,0.691,0.59,0.902,0.0,0.0001,-6.4069,-7.2865,0.1,0.0,0.066,-0.0096,0.6323,0.0,0.0,0.0,0.0,3.4523,approaching_wall
2026-07-09 12:29:07.986,1.532,0.693,0.594,0.924,-0.0,-0.0001,-6.4069,-7.2865,0.1,0.0,0.0149,-0.115,0.4598,0.0,0.0,0.0,0.0,3.4523,approaching_wall
2026-07-09 12:29:08.086,1.537,0.707,0.587,0.917,-0.0,0.0,-6.4069,-7.2865,0.1,0.0,-0.0064,-0.2299,0.4024,0.0,0.0,0.0,0.0,3.4523,approaching_wall
2026-07-09 12:29:08.186,1.529,0.69,0.593,0.927,0.0,0.0,-6.4069,-7.2865,0.1,0.0,-0.0128,-0.1341,0.3449,0.0,0.0,0.0,0.0,3.4523,approaching_wall
2026-07-09 12:29:08.286,1.532,0.681,0.594,0.908,0.0,0.0,-6.4069,-7.2865,0.1,0.0,0.0053,-0.2108,0.7951,0.0,0.0,0.0,0.0,3.4523,approaching_wall
2026-07-09 12:29:08.386,1.542,0.69,0.588,0.908,0.0001,-0.0007,-6.4069,-7.2867,0.1,0.0,-1.2655,-0.2491,1.3029,0.0,0.0,0.0,0.0,3.4525,approaching_wall
2026-07-09 12:29:08.486,1.535,0.545,0.592,0.899,0.0011,0.0032,-6.4076,-7.2879,0.1,0.0,2.6877,0.4982,-1.2837,0.0,0.0,0.0,0.0,3.4538,approaching_wall
2026-07-09 12:29:08.586,1.549,0.638,0.588,65.533,0.0045,-0.0022,-6.41,-7.2903,0.0,0.0,-1.1281,-0.4982,0.2299,0.0,0.0,0.0,0.0,3.4572,searching_wall
2026-07-09 12:29:08.686,1.569,0.637,0.588,65.533,0.0036,0.0019,-6.4143,-7.2927,0.0,0.0,-0.8661,-0.5461,0.9197,0.0,0.0,0.0,0.0,3.4619,searching_wall
2026-07-09 12:29:08.786,1.587,0.634,0.581,10.947,0.0099,0.0055,-6.4202,-7.2944,0.0,0.0,0.212,1.6382,0.3066,0.0,0.0,0.0,0.0,3.4672,searching_wall
2026-07-09 12:29:08.886,0.257,0.613,0.573,10.953,0.0124,0.0026,-6.4302,-7.2948,0.0,0.0,2.6877,0.4982,-1.2837,0.0,0.0,0.0,0.0,3.4744,searching_wall
2026-07-09 12:29:08.986,1.596,0.591,0.544,0.874,0.008,0.0011,-6.4396,-7.2956,0.1,0.0,0.1268,0.9293,4.5984,0.0,0.0,0.0,0.0,3.4816,approaching_wall
2026-07-09 12:29:09.086,1.597,0.577,0.535,10.947,0.0007,-0.0029,-6.4429,-7.2961,0.1,0.0,0.0522,-0.364,2.0022,0.0,0.0,0.0,0.0,3.4842,approaching_wall
2026-07-09 12:29:09.186,1.597,0.579,0.538,0.441,-0.0012,0.001,-6.442,-7.2961,0.05,0.0,-0.1001,-0.3257,-0.9005,0.0,0.0,0.0,0.0,3.4836,obstacle_detected
2026-07-09 12:29:09.286,1.593,0.581,0.536,0.483,-0.0001,-0.0002,-6.4411,-7.2959,0.05,0.0,2.6877,0.4982,-1.2837,0.0,0.0,0.0,0.0,3.4828,obstacle_detected
2026-07-09 12:29:09.386,1.597,0.574,0.532,0.393,0.0003,0.0,-6.4416,-7.296,0.05,0.0,-0.0479,-0.115,0.7568,0.0,0.0,0.0,0.0,3.4832,obstacle_detected
2026-07-09 12:29:09.486,1.607,0.582,0.547,0.362,0.0001,0.0001,-6.4419,-7.296,0.05,0.0,-0.016,-0.1054,0.594,0.0,0.0,0.0,0.0,3.4834,obstacle_detected
2026-07-09 12:29:09.586,1.592,0.577,0.532,0.337,-0.0001,-0.0001,-6.4418,-7.296,0.05,0.0,-0.0479,-0.0479,0.661,0.0,0.0,0.0,0.0,3.4834,obstacle_detected
2026-07-09 12:29:09.686,1.595,0.58,0.534,0.347,0.0009,-0.0007,-6.4424,-7.2959,0.08,0.0,-0.0607,-0.1724,-0.4694,0.0,0.0,0.0,0.0,3.4837,obstacle_avoidance
2026-07-09 12:29:09.786,1.591,0.582,0.528,10.965,0.0066,-0.0091,-6.4461,-7.2949,0.08,0.0,2.6877,0.4982,-1.2837,0.0,0.0,0.0,0.0,3.4856,obstacle_avoidance
2026-07-09 12:29:09.886,1.589,0.561,0.523,10.939,0.0047,-0.0087,-6.4524,-7.2922,0.08,0.0,-1.0546,-0.8143,1.3795,0.0,0.0,0.0,0.0,3.488,obstacle_avoidance
2026-07-09 12:29:09.986,1.599,0.557,0.517,10.938,0.0063,-0.0189,-6.4595,-7.287,0.08,0.0,-1.2836,0.8909,-1.3316,0.0,0.0,0.0,0.0,3.4893,obstacle_avoidance
2026-07-09 12:29:10.086,1.605,0.543,0.51,10.932,0.0059,-0.0134,-6.467,-7.2791,0.08,0.0,-0.3398,-0.0479,-0.5173,0.0,0.0,0.0,0.0,3.4889,obstacle_avoidance
2026-07-09 12:29:10.186,1.497,0.522,0.508,0.906,0.0101,-0.0152,-6.4763,-7.2661,0.08,0.0,-1.437,-0.8047,0.2874,0.0,0.0,0.0,0.0,3.4862,obstacle_avoidance
2026-07-09 12:29:10.286,1.327,0.51,0.502,8.163,0.0095,-0.0148,-6.4856,-7.2491,0.08,0.0,-0.3473,0.4982,-0.3545,0.0,0.0,0.0,0.0,3.4807,obstacle_avoidance
2026-07-09 12:29:10.386,1.148,0.496,0.516,7.472,0.0069,-0.0076,-6.4939,-7.2311,0.08,0.0,0.4985,0.364,0.9963,0.0,0.0,0.0,0.0,3.474,obstacle_avoidance
2026-07-09 12:29:10.486,1.006,0.479,0.531,0.259,0.0065,-0.0143,-6.5033,-7.209,0.08,0.0,0.9278,-0.3928,-0.2778,0.0,0.0,0.0,0.0,3.4652,obstacle_avoidance
2026-07-09 12:29:10.586,0.92,0.478,0.558,5.974,0.004,-0.015,-6.5104,-7.188,0.08,0.0,0.2418,0.2012,0.2491,0.0,0.0,0.0,0.0,3.4558,obstacle_avoidance
2026-07-09 12:29:10.686,0.834,0.466,0.573,5.454,0.0008,0.0101,-6.5121,-7.1691,0.08,0.0,0.5593,0.0479,-0.1533,0.0,0.0,0.0,0.0,3.4439,obstacle_avoidance
2026-07-09 12:29:10.786,0.784,0.474,0.391,5.045,0.002,-0.0003,-6.5132,-7.1526,0.08,0.0,-0.1129,-0.7281,-0.5269,0.0,0.0,0.0,0.0,3.4334,obstacle_avoidance
2026-07-09 12:29:10.886,0.754,0.473,0.612,4.788,0.0021,0.0048,-6.5153,-7.1372,0.08,0.0,1.1398,-0.0958,0.7568,0.0,0.0,0.0,0.0,3.4243,obstacle_avoidance
2026-07-09 12:29:10.986,0.496,0.479,0.64,0.646,0.0042,0.0139,-6.5189,-7.1211,0.08,0.0,-0.0671,0.7281,0.3353,0.0,0.0,0.0,0.0,3.416,obstacle_avoidance
2026-07-09 12:29:11.086,0.688,0.474,0.661,4.34,0.0092,0.0233,-6.5275,-7.1051,0.08,0.0,1.8067,-0.0958,1.2071,0.0,0.0,0.0,0.0,3.4114,obstacle_avoidance
2026-07-09 12:29:11.186,0.687,0.474,0.675,4.33,0.0079,0.0095,-6.5351,-7.0977,0.08,0.0,0.7489,-0.0287,-0.6514,0.0,0.0,0.0,0.0,3.412,obstacle_avoidance
2026-07-09 12:29:11.287,0.689,0.48,0.677,4.329,0.0067,0.0006,-6.5473,-7.0926,0.08,0.0,-0.0447,-0.0383,-0.0287,0.0,0.0,0.0,0.0,3.4176,obstacle_avoidance
2026-07-09 12:29:11.386,0.679,0.479,0.667,4.331,0.0102,0.0009,-6.5546,-7.0911,0.08,0.0,0.0671,-0.0766,0.1724,0.0,0.0,0.0,0.0,3.422,obstacle_avoidance
2026-07-09 12:29:11.486,0.684,0.477,0.683,4.34,0.0099,0.0018,-6.5641,-7.089,0.08,0.0,0.0629,-0.182,0.6323,0.0,0.0,0.0,0.0,3.4276,obstacle_avoidance
2026-07-09 12:29:11.586,0.686,0.478,0.679,4.341,0.0108,0.0056,-6.5723,-7.0866,0.08,0.0,0.0554,-0.1533,0.2012,0.0,0.0,0.0,0.0,3.4321,obstacle_avoidance
