timestamp,lidar_right,lidar_front_right,lidar_front,lidar_left,odom_linear_x,odom_angular_z,pos_x,pos_y,cmd_linear_x,cmd_angular_z,imu_angular_z,imu_accel_x,imu_accel_y,wheel_speed_0,wheel_speed_1,wheel_speed_2,wheel_speed_3,action_label
2026-07-04 14:47:20.552,0.0,0.0,0.0,0.0,0.0,0.0,0.0,0.0,0.0,0.0,0.0,0.0,0.0,0.0,0.0,0.0,0.0,idle
2026-07-04 14:47:20.652,2.708,65.533,6.233,0.289,0.0,0.0,2.1373,3.2823,0.1,0.0,0.0192,-0.1533,0.5844,0.0,0.0,0.0,0.0,wall_following_fail
2026-07-04 14:47:20.752,2.706,65.533,6.169,0.29,0.0005,0.0019,2.1368,3.2821,0.1,0.0,1.7758,-0.0862,-0.3353,0.0,0.0,0.0,0.0,wall_following_fail
2026-07-04 14:47:20.852,2.716,65.533,6.143,0.289,0.0048,-0.0011,2.1311,3.2782,0.1,0.0,0.5635,0.4215,-0.4119,0.0,0.0,0.0,0.0,wall_following_fail
2026-07-04 14:47:20.952,2.699,65.533,6.256,0.299,0.0092,0.0004,2.1199,3.2683,0.1,0.0,0.4037,-0.2874,-0.0671,0.0,0.0,0.0,0.0,wall_following_fail
2026-07-04 14:47:21.052,2.692,65.533,6.234,0.318,0.0136,0.0005,2.1064,3.2549,0.1,0.0,-0.2194,-0.0479,0.6898,0.0,0.0,0.0,0.0,wall_following_fail
2026-07-04 14:47:21.152,2.677,65.533,65.533,0.333,0.0097,0.001,2.0926,3.2416,0.1,0.0,-0.0415,0.0287,1.0442,0.0,0.0,0.0,0.0,wall_following_fail
2026-07-04 14:47:21.252,2.67,65.533,65.533,0.343,0.0081,-0.001,2.0807,3.2299,0.1,0.0,0.114,-0.0575,0.6706,0.0,0.0,0.0,0.0,wall_following_fail
2026-07-04 14:47:21.352,2.651,65.533,65.533,0.349,0.0083,-0.0005,2.0703,3.2189,0.1,0.0,0.1577,-0.1245,0.8335,0.0,0.0,0.0,0.0,wall_following_fail
2026-07-04 14:47:21.452,2.639,65.533,65.533,0.368,0.0102,0.0004,2.0597,3.2072,0.1,0.0,0.1289,0.1245,0.958,0.0,0.0,0.0,0.0,wall_following_fail
2026-07-04 14:47:21.552,2.636,65.533,65.533,0.377,0.0118,-0.0006,2.0496,3.1954,0.1,0.0,0.1225,-0.1054,0.7856,0.0,0.0,0.0,0.0,wall_following_fail
2026-07-04 14:47:21.652,2.632,65.533,65.533,0.391,0.0082,0.0001,2.0413,3.1848,0.1,0.0,0.1864,0.0096,0.4407,0.0,0.0,0.0,0.0,wall_following_fail
2026-07-04 14:47:21.752,2.623,65.533,65.533,0.4,0.0089,0.0003,2.0336,3.1741,0.1,0.0,0.1385,-0.1437,1.3221,0.0,0.0,0.0,0.0,wall_following_fail
2026-07-04 14:47:21.852,2.612,65.533,65.533,0.41,0.0103,-0.0003,2.0258,3.1625,0.1,0.0,0.0618,0.0287,0.7281,0.0,0.0,0.0,0.0,wall_following
2026-07-04 14:47:21.952,2.608,65.533,65.533,0.414,0.0104,-0.0,2.0191,3.1517,0.1,0.0,0.3036,-0.2395,0.2395,0.0,0.0,0.0,0.0,wall_following
2026-07-04 14:47:22.052,2.606,65.533,65.533,0.422,0.0089,-0.0001,2.0136,3.1417,0.1,0.0,0.1736,-0.1054,0.5652,0.0,0.0,0.0,0.0,wall_following
2026-07-04 14:47:22.152,2.601,65.533,65.533,0.432,0.0085,-0.0001,2.0083,3.1309,0.1,0.0,0.1001,-0.1341,0.9963,0.0,0.0,0.0,0.0,wall_following
2026-07-04 14:47:22.252,2.599,65.533,65.533,0.444,0.0083,0.0003,2.0036,3.1202,0.1,0.0,0.1854,-0.182,0.7664,0.0,0.0,0.0,0.0,wall_following
2026-07-04 14:47:22.352,2.579,65.533,65.533,0.44,0.009,0.0002,1.9995,3.1099,0.1,0.0,0.2035,0.0192,0.843,0.0,0.0,0.0,0.0,wall_following
2026-07-04 14:47:22.452,2.551,65.533,65.533,0.444,0.0095,-0.0,1.9958,3.0994,0.1,0.0,0.1854,0.0766,0.1629,0.0,0.0,0.0,0.0,wall_following
2026-07-04 14:47:22.552,2.521,65.533,65.533,0.441,0.0098,0.0004,1.9924,3.0887,0.1,0.0,0.114,0.0192,0.3449,0.0,0.0,0.0,0.0,wall_following
2026-07-04 14:47:22.652,2.482,65.533,65.533,0.445,0.0097,-0.0001,1.9893,3.0781,0.1,0.0,0.066,-0.2587,0.5365,0.0,0.0,0.0,0.0,wall_following
2026-07-04 14:47:22.752,2.435,65.533,65.533,0.455,0.0086,0.0008,1.9867,3.0679,0.1,0.0,0.1992,0.1724,0.3161,0.0,0.0,0.0,0.0,wall_following
2026-07-04 14:47:22.852,2.397,65.533,65.533,0.465,0.0089,-0.0001,1.9845,3.0577,0.1,0.0,0.131,-0.1533,0.3066,0.0,0.0,0.0,0.0,wall_following
2026-07-04 14:47:22.952,2.379,65.533,65.533,0.466,0.0089,-0.0001,1.9828,3.0475,0.1,0.0,0.2866,0.0766,1.0442,0.0,0.0,0.0,0.0,wall_following
2026-07-04 14:47:23.052,2.371,65.533,65.533,0.462,0.0095,-0.0003,1.9816,3.0374,0.1,0.0,0.1023,-0.0383,0.4215,0.0,0.0,0.0,0.0,wall_following
2026-07-04 14:47:23.152,2.335,65.533,65.533,0.467,0.0098,0.0002,1.9805,3.027,0.1,0.0,0.0618,-0.1724,-0.2587,0.0,0.0,0.0,0.0,wall_following
2026-07-04 14:47:23.252,2.325,65.533,65.533,0.469,0.0133,0.0003,1.9796,3.0166,0.1,0.0,0.1577,0.1245,0.594,0.0,0.0,0.0,0.0,wall_following
2026-07-04 14:47:23.352,2.295,65.533,65.533,0.476,0.0106,-0.0001,1.979,3.0066,0.1,0.0,0.0085,-0.0192,0.7664,0.0,0.0,0.0,0.0,wall_following
2026-07-04 14:47:23.452,2.312,65.533,65.533,0.475,0.0093,0.0001,1.9785,2.9964,0.1,0.0,0.1289,-0.0958,0.6035,0.0,0.0,0.0,0.0,wall_following
2026-07-04 14:47:23.552,2.368,65.533,65.533,0.474,0.0092,0.0,1.9782,2.9863,0.1,0.0,0.0554,-0.0766,0.2203,0.0,0.0,0.0,0.0,wall_following
2026-07-04 14:47:23.652,2.458,65.533,65.533,0.476,0.0098,-0.0003,1.978,2.9761,0.1,0.0,-0.0298,-0.115,-0.0287,0.0,0.0,0.0,0.0,wall_following
2026-07-04 14:47:23.752,2.457,65.533,65.533,0.481,0.0092,0.0002,1.9779,2.966,0.1,0.0,0.0937,-0.1054,0.7568,0.0,0.0,0.0,0.0,wall_following
2026-07-04 14:47:23.852,2.482,65.533,65.533,0.49,0.0079,0.0006,1.9779,2.9559,0.1,0.0,0.1353,0.1341,0.4215,0.0,0.0,0.0,0.0,wall_following
2026-07-04 14:47:23.953,2.53,65.533,65.533,0.494,0.0095,-0.0003,1.9782,2.9459,0.1,0.0,0.2013,-0.2299,0.5748,0.0,0.0,0.0,0.0,wall_following
2026-07-04 14:47:24.052,2.491,65.533,65.533,0.487,0.0097,-0.0003,1.979,2.936,0.1,0.0,0.1736,-0.1341,0.6227,0.0,0.0,0.0,0.0,wall_following
2026-07-04 14:47:24.152,2.326,65.533,65.533,0.49,0.0134,-0.0,1.9799,2.9259,0.1,0.0,0.0959,-0.0766,0.2587,0.0,0.0,0.0,0.0,wall_following
2026-07-04 14:47:24.252,2.29,65.533,65.533,0.492,0.0129,-0.0002,1.9809,2.9159,0.1,0.0,-0.0245,0.1533,0.8047,0.0,0.0,0.0,0.0,wall_following
2026-07-04 14:47:24.352,2.326,65.533,65.533,0.491,0.0094,-0.0002,1.9818,2.9059,0.1,0.0,-0.1161,0.1341,0.5461,0.0,0.0,0.0,0.0,wall_following
2026-07-04 14:47:24.452,2.316,7.82,65.533,0.493,0.0076,0.0012,1.9826,2.8965,0.1,0.0,0.3164,-0.0575,0.6419,0.0,0.0,0.0,0.0,wall_following
2026-07-04 14:47:24.552,2.318,7.802,65.533,0.494,0.0023,0.0,1.9832,2.8911,0.1,0.0,0.0,-0.0958,1.619,0.0,0.0,0.0,0.0,wall_following
2026-07-04 14:47:24.652,2.308,7.832,65.533,0.487,-0.0029,-0.0042,1.9832,2.8916,0.1,0.0,0.3366,0.2203,-1.8394,0.0,0.0,0.0,0.0,wall_following
2026-07-04 14:47:24.752,2.317,7.837,65.533,0.485,0.0031,0.0025,1.9832,2.8917,0.1,0.0,2.4331,0.8239,-0.1437,0.0,0.0,0.0,0.0,wall_following
2026-07-04 14:47:24.852,2.326,7.803,65.533,0.48,0.0112,0.0094,1.9878,2.8861,0.1,0.0,1.4275,1.14,0.7664,0.0,0.0,0.0,0.0,wall_following
2026-07-04 14:47:24.952,2.339,7.754,65.533,0.474,0.0135,0.0114,1.9981,2.8766,0.1,0.0,-0.1332,-0.2299,-0.3928,0.0,0.0,0.0,0.0,wall_following
2026-07-04 14:47:25.052,2.393,7.841,65.533,0.45,0.0148,0.015,2.0139,2.864,0.1,0.0,0.3814,0.115,0.5173,0.0,0.0,0.0,0.0,wall_following
2026-07-04 14:47:25.152,2.434,7.885,65.533,0.432,0.0093,0.007,2.0286,2.8546,0.1,0.0,0.4602,0.1437,2.1459,0.0,0.0,0.0,0.0,wall_following
2026-07-04 14:47:25.252,2.406,65.533,65.533,0.429,0.0034,0.0009,2.0371,2.8501,0.1,0.0,0.5827,0.0766,1.0825,0.0,0.0,0.0,0.0,wall_following
2026-07-04 14:47:25.352,2.386,65.533,65.533,0.423,0.0012,-0.0002,2.0409,2.8489,0.1,0.0,1.1217,0.4119,1.0346,0.0,0.0,0.0,0.0,wall_following
2026-07-04 14:47:25.452,2.363,65.533,65.533,0.424,0.0004,0.0007,2.0432,2.8486,0.1,0.0,0.1374,-0.1437,0.6419,0.0,0.0,0.0,0.0,wall_following
2026-07-04 14:47:25.552,2.424,65.533,65.533,0.424,0.0009,-0.0027,2.0442,2.8486,0.1,0.0,-0.6083,0.0479,5.8151,0.0,0.0,0.0,0.0,wall_following
2026-07-04 14:47:25.652,2.289,65.533,65.533,0.409,0.0044,0.0002,2.0521,2.848,0.1,0.0,-0.718,-0.1245,-0.5077,0.0,0.0,0.0,0.0,wall_following
2026-07-04 14:47:25.752,2.177,65.533,65.533,0.402,0.0066,0.0021,2.0676,2.8449,0.1,0.0,-0.4911,-0.3066,1.3412,0.0,0.0,0.0,0.0,wall_following
2026-07-04 14:47:25.852,2.157,65.533,5.667,0.389,0.0027,0.0003,2.0781,2.842,0.1,0.0,0.0714,-0.0671,2.6058,0.0,0.0,0.0,0.0,wall_following_fail
2026-07-04 14:47:25.952,2.138,65.533,5.7,0.393,-0.0007,-0.0002,2.0776,2.8421,0.1,0.0,1.224,0.0766,-0.5269,0.0,0.0,0.0,0.0,wall_following_fail
2026-07-04 14:47:26.052,2.118,65.533,5.717,0.391,0.0002,0.0009,2.0771,2.8421,0.1,0.0,-0.1342,-0.9963,1.5232,0.0,0.0,0.0,0.0,wall_following_fail
2026-07-04 14:47:26.152,2.095,65.533,5.691,0.392,0.0009,-0.0009,2.0797,2.842,0.1,0.0,0.7883,0.182,0.9676,0.0,0.0,0.0,0.0,wall_following_fail
2026-07-04 14:47:26.252,2.165,65.533,5.697,0.375,0.0011,0.0001,2.0868,2.8426,0.1,0.0,0.179,-0.1341,0.7664,0.0,0.0,0.0,0.0,wall_following_fail
2026-07-04 14:47:26.352,2.14,65.533,5.755,0.368,0.0003,-0.0009,2.0937,2.8436,0.1,0.0,0.2194,-0.0766,2.2226,0.0,0.0,0.0,0.0,wall_following_fail
2026-07-04 14:47:26.452,2.155,65.533,5.709,0.374,-0.0001,-0.001,2.0931,2.8435,0.1,0.0,-0.1055,-0.1341,0.0287,0.0,0.0,0.0,0.0,wall_following_fail
2026-07-04 14:47:26.552,2.11,65.533,5.705,0.379,0.0001,0.0,2.0921,2.8433,0.1,0.0,0.0703,-0.2682,0.0575,0.0,0.0,0.0,0.0,wall_following_fail
2026-07-04 14:47:26.652,2.122,65.533,5.712,0.37,0.0018,-0.0001,2.0969,2.8438,0.1,0.0,-1.3742,-0.1629,-0.364,0.0,0.0,0.0,0.0,wall_following_fail
2026-07-04 14:47:26.752,2.139,65.533,5.716,0.356,0.0041,0.0006,2.1073,2.8427,0.1,0.0,0.163,-0.1533,0.3832,0.0,0.0,0.0,0.0,wall_following_fail
2026-07-04 14:47:26.852,2.133,65.533,5.744,0.358,0.0013,0.0001,2.1155,2.8417,0.1,0.0,0.9939,0.3736,2.0406,0.0,0.0,0.0,0.0,wall_following_fail
2026-07-04 14:47:26.952,2.125,65.533,5.769,0.353,-0.0005,-0.0001,2.1156,2.8416,0.1,0.0,-0.0383,-0.0671,0.6898,0.0,0.0,0.0,0.0,wall_following_fail
2026-07-04 14:47:27.052,2.12,65.533,5.727,0.355,-0.0,-0.0007,2.1144,2.8415,0.1,0.0,0.1023,-0.0383,0.1245,0.0,0.0,0.0,0.0,wall_following_fail
2026-07-04 14:47:27.152,2.121,65.533,5.764,0.351,0.0001,0.0007,2.115,2.8416,0.1,0.0,-0.033,-0.1245,0.5077,0.0,0.0,0.0,0.0,wall_following_fail
2026-07-04 14:47:27.252,2.145,65.533,5.773,0.359,-0.0008,-0.0004,2.1143,2.8417,0.1,0.0,-2.481,0.4694,0.4982,0.0,0.0,0.0,0.0,wall_following_fail
2026-07-04 14:47:27.352,2.144,65.533,5.717,0.355,0.0007,-0.0006,2.1135,2.8421,0.1,0.0,-1.7662,0.4024,-0.9293,0.0,0.0,0.0,0.0,wall_following_fail
2026-07-04 14:47:27.452,2.123,65.533,5.728,0.356,0.0084,-0.0,2.1154,2.8394,0.1,0.0,-1.9952,-0.1054,-0.5461,0.0,0.0,0.0,0.0,wall_following_fail
2026-07-04 14:47:27.552,2.117,65.533,5.703,0.356,0.0153,-0.0003,2.1179,2.8295,0.1,0.0,-1.8386,-0.0479,-0.0862,0.0,0.0,0.0,0.0,wall_following_fail
2026-07-04 14:47:27.652,2.152,65.533,5.68,0.368,0.0111,0.0005,2.117,2.8166,0.1,0.0,-1.0195,-0.5077,0.6802,0.0,0.0,0.0,0.0,wall_following_fail
2026-07-04 14:47:27.752,2.114,65.533,5.675,0.375,0.0108,0.0003,2.1133,2.8035,0.1,0.0,-0.5667,-0.1437,-0.1437,0.0,0.0,0.0,0.0,wall_following_fail
2026-07-04 14:47:27.852,2.162,65.533,5.685,0.382,0.0106,-0.0002,2.1078,2.7902,0.1,0.0,-0.3036,-0.2012,0.661,0.0,0.0,0.0,0.0,wall_following_fail
2026-07-04 14:47:27.952,2.16,65.533,5.604,0.396,0.0098,-0.0003,2.1016,2.7776,0.1,0.0,-0.1119,-0.297,0.6035,0.0,0.0,0.0,0.0,wall_following_fail
2026-07-04 14:47:28.052,2.177,65.533,5.616,0.405,0.0129,0.0011,2.0956,2.7658,0.1,0.0,-0.0064,-0.0479,0.4982,0.0,0.0,0.0,0.0,wall_following
2026-07-04 14:47:28.152,2.19,65.533,5.632,0.413,0.0094,-0.0002,2.0897,2.7544,0.1,0.0,0.1055,0.1629,0.4598,0.0,0.0,0.0,0.0,wall_following
2026-07-04 14:47:28.252,2.215,65.533,5.602,0.416,0.0087,0.0003,2.0845,2.7436,0.1,0.0,0.2141,-0.3545,-0.0671,0.0,0.0,0.0,0.0,wall_following
2026-07-04 14:47:28.352,2.21,65.533,5.582,0.416,0.0089,-0.0003,2.0796,2.7327,0.1,0.0,0.212,-0.0192,0.6514,0.0,0.0,0.0,0.0,wall_following
2026-07-04 14:47:28.452,2.237,65.533,65.533,0.424,0.0091,0.0006,2.0753,2.7219,0.1,0.0,0.1395,-0.1341,0.5077,0.0,0.0,0.0,0.0,wall_following
2026-07-04 14:47:28.553,2.223,65.533,5.616,0.432,0.0122,-0.0001,2.0714,2.711,0.1,0.0,0.1332,0.0766,0.5461,0.0,0.0,0.0,0.0,wall_following
2026-07-04 14:47:28.652,2.233,65.533,65.533,0.436,0.0091,0.0001,2.0678,2.7003,0.1,0.0,0.066,-0.0383,0.364,0.0,0.0,0.0,0.0,wall_following
2026-07-04 14:47:28.752,2.226,65.533,65.533,0.438,0.0094,0.0006,2.0644,2.6896,0.1,0.0,0.1332,-0.0383,0.7472,0.0,0.0,0.0,0.0,wall_following
2026-07-04 14:47:28.852,2.217,65.533,65.533,0.451,0.0092,0.0007,2.0614,2.6792,0.1,0.0,0.212,0.0192,0.8143,0.0,0.0,0.0,0.0,wall_following
2026-07-04 14:47:28.952,2.228,65.533,65.533,0.444,0.0089,0.0009,2.0587,2.6687,0.1,0.0,0.0202,-0.0575,0.5556,0.0,0.0,0.0,0.0,wall_following
2026-07-04 14:47:29.052,2.208,65.533,5.505,0.446,0.0117,0.0006,2.0561,2.6581,0.1,0.0,0.1364,-0.0479,0.5269,0.0,0.0,0.0,0.0,wall_following
2026-07-04 14:47:29.152,2.212,65.533,65.533,0.46,0.0083,0.0012,2.0538,2.6478,0.1,0.0,0.2333,-0.0479,0.6993,0.0,0.0,0.0,0.0,wall_following
2026-07-04 14:47:29.252,2.202,65.533,5.548,0.469,0.0084,0.0019,2.052,2.6379,0.1,0.0,0.2354,-0.0575,0.6514,0.0,0.0,0.0,0.0,wall_following
2026-07-04 14:47:29.352,2.141,65.533,65.533,0.466,0.0085,0.0012,2.0505,2.628,0.1,0.0,0.0181,-0.0958,0.2587,0.0,0.0,0.0,0.0,wall_following
2026-07-04 14:47:29.452,2.22,65.533,65.533,0.468,0.009,0.0016,2.0492,2.6178,0.1,0.0,0.032,0.1437,1.1113,0.0,0.0,0.0,0.0,wall_following
2026-07-04 14:47:29.552,2.213,65.533,5.489,0.465,0.0123,0.0022,2.048,2.6076,0.1,0.0,0.0234,0.0192,0.6419,0.0,0.0,0.0,0.0,wall_following
2026-07-04 14:47:29.652,2.228,65.533,65.533,0.473,0.0089,0.0015,2.0468,2.5974,0.1,0.0,0.0053,-0.297,0.5077,0.0,0.0,0.0,0.0,wall_following
2026-07-04 14:47:29.752,2.228,65.533,65.533,0.477,0.0098,0.0021,2.0458,2.588,0.1,0.0,0.2802,-0.0766,0.3257,0.0,0.0,0.0,0.0,wall_following
2026-07-04 14:47:29.852,2.241,65.533,65.533,0.474,0.0119,0.0022,2.045,2.5778,0.1,0.0,-0.0138,-0.2108,0.9676,0.0,0.0,0.0,0.0,wall_following
2026-07-04 14:47:29.952,2.336,65.533,65.533,0.478,0.0075,0.0019,2.0446,2.5683,0.1,0.0,0.2056,0.0479,0.6131,0.0,0.0,0.0,0.0,wall_following
2026-07-04 14:47:30.052,3.13,65.533,5.712,0.476,0.0087,0.0013,2.0445,2.5585,0.1,0.0,0.0298,-0.0575,0.843,0.0,0.0,0.0,0.0,wall_following
2026-07-04 14:47:30.152,3.144,65.533,65.533,0.487,0.0083,0.0017,2.0444,2.5488,0.1,0.0,0.0224,-0.0862,0.6514,0.0,0.0,0.0,0.0,wall_following
2026-07-04 14:47:30.252,3.142,65.533,65.533,0.48,0.0112,0.0028,2.0446,2.5391,0.1,0.0,0.0969,0.0862,0.5844,0.0,0.0,0.0,0.0,wall_following
2026-07-04 14:47:30.352,3.143,65.533,5.809,0.488,0.0095,0.0013,2.0449,2.5294,0.1,0.0,-0.1023,-0.2682,0.0192,0.0,0.0,0.0,0.0,wall_following
2026-07-04 14:47:30.452,3.139,65.533,5.896,0.48,0.0098,0.0008,2.0457,2.5195,0.1,0.0,0.2216,0.0287,0.2203,0.0,0.0,0.0,0.0,wall_following
2026-07-04 14:47:30.552,3.135,65.533,5.906,0.486,0.0129,0.0013,2.0469,2.5096,0.1,0.0,0.2258,-0.1245,0.6514,0.0,0.0,0.0,0.0,wall_following
2026-07-04 14:47:30.652,3.14,65.533,65.533,0.486,0.0101,0.0003,2.0484,2.4996,0.1,0.0,-0.1353,-0.1916,0.3832,0.0,0.0,0.0,0.0,wall_following
2026-07-04 14:47:30.752,3.141,65.533,65.533,0.497,0.0092,-0.0001,2.0498,2.4896,0.1,0.0,-0.1438,0.0096,0.1437,0.0,0.0,0.0,0.0,wall_following
2026-07-04 14:47:30.852,3.139,65.533,65.533,0.489,0.0115,-0.0004,2.0513,2.4797,0.1,0.0,0.0043,-0.0096,0.1245,0.0,0.0,0.0,0.0,wall_following
2026-07-04 14:47:30.952,3.138,65.533,65.533,0.49,0.0095,-0.0005,2.0528,2.4699,0.1,0.0,0.0479,-0.0192,0.9388,0.0,0.0,0.0,0.0,wall_following
2026-07-04 14:47:31.052,3.14,65.533,65.533,0.494,0.0105,-0.0005,2.0545,2.46,0.1,0.0,-0.0085,-0.0766,0.5269,0.0,0.0,0.0,0.0,wall_following
2026-07-04 14:47:31.152,3.139,65.533,65.533,0.489,0.0106,0.0001,2.0564,2.4504,0.1,0.0,0.0426,0.0383,0.4215,0.0,0.0,0.0,0.0,wall_following
2026-07-04 14:47:31.253,3.133,65.533,65.533,0.492,0.011,-0.0002,2.0583,2.4405,0.1,0.0,-0.0362,0.1533,0.0,0.0,0.0,0.0,0.0,wall_following
2026-07-04 14:47:31.352,3.129,65.533,65.533,0.492,0.0106,0.0,2.0602,2.4305,0.1,0.0,-0.0373,-0.0479,0.6131,0.0,0.0,0.0,0.0,wall_following
2026-07-04 14:47:31.452,3.135,65.533,65.533,0.492,0.0103,-0.0003,2.062,2.4207,0.1,0.0,0.0692,0.0383,0.5077,0.0,0.0,0.0,0.0,wall_following
2026-07-04 14:47:31.552,3.133,2.73,65.533,0.491,0.0113,-0.0002,2.064,2.4109,0.1,0.0,0.1129,-0.115,0.7377,0.0,0.0,0.0,0.0,wall_following
2026-07-04 14:47:31.652,3.129,2.706,65.533,0.496,0.0095,-0.0004,2.066,2.4011,0.1,0.0,0.0011,-0.1341,0.7089,0.0,0.0,0.0,0.0,wall_following
2026-07-04 14:47:31.752,3.124,2.658,65.533,0.503,0.0092,-0.0007,2.0681,2.3914,0.1,0.0,0.0064,-0.2587,0.3928,0.0,0.0,0.0,0.0,wall_following
2026-07-04 14:47:31.852,3.129,2.686,65.533,0.502,0.0098,-0.0,2.0702,2.3817,0.1,0.0,0.0075,-0.0575,0.7664,0.0,0.0,0.0,0.0,wall_following
2026-07-04 14:47:31.952,3.134,2.683,65.533,0.488,0.01,0.0,2.0723,2.3718,0.1,0.0,-0.0234,-0.297,0.2587,0.0,0.0,0.0,0.0,wall_following
2026-07-04 14:47:32.052,3.129,2.655,65.533,0.493,0.0101,0.0006,2.0745,2.3622,0.1,0.0,0.0746,-0.1629,0.0671,0.0,0.0,0.0,0.0,wall_following
2026-07-04 14:47:32.152,3.129,2.625,65.533,0.492,0.0108,0.0004,2.0767,2.3523,0.1,0.0,-0.1289,-0.0958,0.5461,0.0,0.0,0.0,0.0,wall_following
2026-07-04 14:47:32.252,3.133,2.612,65.533,0.502,0.0124,0.0003,2.0789,2.3425,0.1,0.0,0.066,-0.2108,0.2299,0.0,0.0,0.0,0.0,wall_following
2026-07-04 14:47:32.352,3.133,2.595,65.533,0.497,0.0088,0.0005,2.0811,2.3329,0.1,0.0,0.049,-0.0766,0.661,0.0,0.0,0.0,0.0,wall_following
2026-07-04 14:47:32.452,3.133,2.589,65.533,0.494,0.0088,-0.0002,2.0834,2.3232,0.1,0.0,0.0383,-0.115,0.776,0.0,0.0,0.0,0.0,wall_following
2026-07-04 14:47:32.553,3.131,2.581,65.533,0.491,0.0092,-0.0,2.0857,2.3134,0.1,0.0,-0.0362,-0.1533,0.4503,0.0,0.0,0.0,0.0,wall_following
2026-07-04 14:47:32.652,3.133,2.535,65.533,0.499,0.0092,-0.0,2.088,2.3038,0.1,0.0,0.1044,-0.1724,0.2395,0.0,0.0,0.0,0.0,wall_following
2026-07-04 14:47:32.752,3.132,2.547,65.533,0.501,0.0097,-0.0002,2.0903,2.2941,0.1,0.0,-0.0383,-0.0671,0.5269,0.0,0.0,0.0,0.0,wall_following
2026-07-04 14:47:32.852,3.133,2.534,65.533,0.499,0.0124,-0.0006,2.0926,2.2842,0.1,0.0,-0.0447,-0.1341,0.5269,0.0,0.0,0.0,0.0,wall_following
2026-07-04 14:47:32.952,3.124,2.545,65.533,0.495,0.0095,-0.0004,2.0947,2.2745,0.1,0.0,-0.0692,-0.2203,0.2587,0.0,0.0,0.0,0.0,wall_following
2026-07-04 14:47:33.052,3.144,2.539,65.533,0.489,0.009,-0.0007,2.0968,2.2648,0.1,0.0,0.0075,-0.0958,-0.1245,0.0,0.0,0.0,0.0,wall_following
2026-07-04 14:47:33.152,3.121,2.548,65.533,0.497,0.0122,0.0,2.0991,2.255,0.1,0.0,-0.0043,-0.2108,0.4119,0.0,0.0,0.0,0.0,wall_following
2026-07-04 14:47:33.252,3.121,2.544,65.533,0.494,0.0128,-0.0004,2.1014,2.2453,0.1,0.0,-0.0309,-0.182,0.2012,0.0,0.0,0.0,0.0,wall_following
2026-07-04 14:47:33.352,3.124,2.537,65.533,0.501,0.0098,0.0005,2.1037,2.2356,0.1,0.0,0.0969,-0.0383,0.5748,0.0,0.0,0.0,0.0,wall_following
2026-07-04 14:47:33.452,3.119,2.532,65.533,0.498,0.0092,0.0,2.106,2.226,0.1,0.0,-0.0874,0.0479,0.7664,0.0,0.0,0.0,0.0,wall_following
2026-07-04 14:47:33.553,3.136,2.533,65.533,0.493,0.0102,-0.0002,2.1082,2.2161,0.1,0.0,-0.1758,0.0287,0.1916,0.0,0.0,0.0,0.0,wall_following
2026-07-04 14:47:33.652,3.126,2.54,65.533,0.5,0.0101,0.0006,2.1102,2.2063,0.1,0.0,0.2045,0.182,0.0766,0.0,0.0,0.0,0.0,wall_following
2026-07-04 14:47:33.752,3.127,2.526,65.533,0.497,0.0097,-0.0003,2.1123,2.1968,0.1,0.0,0.0479,-0.1054,0.5844,0.0,0.0,0.0,0.0,wall_following
2026-07-04 14:47:33.852,3.126,2.527,65.533,0.499,0.0098,-0.0002,2.1145,2.1868,0.1,0.0,0.0064,-0.1054,0.7951,0.0,0.0,0.0,0.0,wall_following
2026-07-04 14:47:33.952,3.125,2.522,65.533,0.488,0.0098,0.0001,2.1166,2.1771,0.1,0.0,0.0234,-0.1437,0.479,0.0,0.0,0.0,0.0,wall_following
2026-07-04 14:47:34.052,3.128,2.511,65.533,0.497,0.0093,-0.0002,2.1187,2.1674,0.1,0.0,0.0032,-0.0671,0.5556,0.0,0.0,0.0,0.0,wall_following
2026-07-04 14:47:34.152,3.131,2.529,65.533,0.5,0.0109,-0.0004,2.121,2.1576,0.1,0.0,0.0,-0.2299,0.0862,0.0,0.0,0.0,0.0,wall_following
2026-07-04 14:47:34.252,3.132,2.511,65.533,0.499,0.0099,-0.0004,2.1233,2.1479,0.1,0.0,0.0639,-0.1437,0.5652,0.0,0.0,0.0,0.0,wall_following
2026-07-04 14:47:34.352,3.121,2.53,65.533,0.507,0.0101,0.0001,2.1258,2.1383,0.1,0.0,0.0469,-0.0192,0.4598,0.0,0.0,0.0,0.0,wall_following
2026-07-04 14:47:34.452,3.13,2.517,65.533,0.494,0.0091,0.0,2.1283,2.1287,0.1,0.0,0.0607,-0.0575,0.5556,0.0,0.0,0.0,0.0,wall_following
2026-07-04 14:47:34.552,3.129,2.512,65.533,0.501,0.0104,0.0002,2.1308,2.1191,0.1,0.0,-0.0032,0.0192,0.7951,0.0,0.0,0.0,0.0,wall_following
2026-07-04 14:47:34.652,3.129,2.519,65.533,0.5,0.0104,0.0002,2.1335,2.1094,0.1,0.0,0.1033,0.0479,0.6706,0.0,0.0,0.0,0.0,wall_following
2026-07-04 14:47:34.752,3.125,2.52,65.533,0.503,0.012,0.0,2.1361,2.0997,0.1,0.0,-0.0107,-0.0671,0.2587,0.0,0.0,0.0,0.0,wall_following
2026-07-04 14:47:34.852,3.124,2.518,65.533,0.497,0.0092,-0.0002,2.1388,2.0902,0.1,0.0,-0.1939,-0.4119,0.2395,0.0,0.0,0.0,0.0,wall_following
2026-07-04 14:47:34.952,3.123,2.518,65.533,0.494,0.0092,-0.0003,2.1414,2.0806,0.1,0.0,-0.0266,-0.1724,0.2012,0.0,0.0,0.0,0.0,wall_following
2026-07-04 14:47:35.052,3.123,2.521,65.533,0.495,0.0098,-0.0002,2.1439,2.0708,0.1,0.0,-0.0373,-0.1245,0.7281,0.0,0.0,0.0,0.0,wall_following
2026-07-04 14:47:35.152,3.125,2.519,65.533,0.5,0.0094,0.0003,2.1465,2.0612,0.1,0.0,0.0266,0.0287,0.3832,0.0,0.0,0.0,0.0,wall_following
2026-07-04 14:47:35.252,3.128,2.53,65.533,0.495,0.0099,-0.0,2.149,2.0517,0.1,0.0,0.0756,0.0,0.3928,0.0,0.0,0.0,0.0,wall_following
2026-07-04 14:47:35.352,3.129,2.514,65.533,0.499,0.0102,0.0006,2.1517,2.0419,0.1,0.0,0.1726,0.0671,0.1724,0.0,0.0,0.0,0.0,wall_following
2026-07-04 14:47:35.453,3.125,2.51,65.533,0.502,0.0093,0.0002,2.1546,2.0324,0.1,0.0,0.115,0.1245,0.6131,0.0,0.0,0.0,0.0,wall_following
2026-07-04 14:47:35.552,3.127,2.531,65.533,0.497,0.0097,0.0002,2.1575,2.0228,0.1,0.0,-0.0788,-0.1724,0.4503,0.0,0.0,0.0,0.0,wall_following
2026-07-04 14:47:35.652,3.124,2.535,65.533,0.5,0.0089,0.0004,2.16,2.0137,0.1,0.0,-0.0469,0.0958,1.4849,0.0,0.0,0.0,0.0,wall_following
2026-07-04 14:47:35.752,3.134,2.52,65.533,0.494,0.0014,0.0003,2.1612,2.0093,0.1,0.0,-0.0192,-0.2395,1.3125,0.0,0.0,0.0,0.0,wall_following
2026-07-04 14:47:35.852,3.129,2.531,65.533,0.496,0.0051,-0.0,2.1619,2.0073,0.1,0.0,1.2804,-0.1054,-0.7185,0.0,0.0,0.0,0.0,wall_following
2026-07-04 14:47:35.952,3.134,2.54,65.533,0.494,0.0155,0.0004,2.1686,1.9966,0.1,0.0,0.7915,0.0671,-0.3161,0.0,0.0,0.0,0.0,wall_following
2026-07-04 14:47:36.052,3.142,2.559,65.533,0.481,0.0197,0.0009,2.1815,1.9814,0.1,0.0,0.5518,0.1341,-0.0958,0.0,0.0,0.0,0.0,wall_following
2026-07-04 14:47:36.152,3.157,2.59,65.533,0.476,0.0245,0.0004,2.2003,1.9636,0.1,0.0,0.3388,0.2012,-1.734,0.0,0.0,0.0,0.0,wall_following
2026-07-04 14:47:36.252,3.126,2.62,65.533,0.45,0.0281,-0.0006,2.2266,1.9421,0.1,0.0,0.3174,-0.1054,-2.0118,0.0,0.0,0.0,0.0,wall_following
2026-07-04 14:47:36.352,3.104,2.667,7.943,0.432,0.0308,0.0016,2.2592,1.9179,0.1,0.0,0.1332,-0.2874,2.7878,0.0,0.0,0.0,0.0,wall_following
2026-07-04 14:47:36.452,3.102,2.716,7.923,0.401,0.0225,-0.0002,2.2903,1.8964,0.1,0.0,0.0863,0.297,1.8011,0.0,0.0,0.0,0.0,wall_following
2026-07-04 14:47:36.552,3.124,2.758,7.918,0.393,0.0164,-0.0004,2.3132,1.8812,0.1,0.0,-0.049,-0.6993,0.8814,0.0,0.0,0.0,0.0,wall_following_fail
2026-07-04 14:47:36.652,3.136,2.773,4.888,0.367,0.0124,0.0003,2.3305,1.8698,0.1,0.0,-0.0266,-0.182,0.0671,0.0,0.0,0.0,0.0,wall_following_fail
2026-07-04 14:47:36.752,3.149,2.796,4.832,0.36,0.0085,0.0002,2.3425,1.8618,0.1,0.0,-0.1289,0.0958,1.0825,0.0,0.0,0.0,0.0,wall_following_fail
2026-07-04 14:47:36.852,3.153,2.807,4.82,0.352,0.0036,-0.0003,2.3488,1.8574,0.1,0.0,-0.49,0.1054,1.0634,0.0,0.0,0.0,0.0,wall_following_fail
2026-07-04 14:47:36.952,3.151,2.81,4.842,0.363,-0.0005,-0.0013,2.3495,1.8569,0.1,0.0,-0.8565,-0.4503,-0.0287,0.0,0.0,0.0,0.0,wall_following_fail
2026-07-04 14:47:37.052,3.154,2.812,4.801,0.354,-0.0004,0.0002,2.349,1.8575,0.1,0.0,0.049,0.364,1.3221,0.0,0.0,0.0,0.0,wall_following_fail
2026-07-04 14:47:37.152,3.15,2.809,4.845,0.357,0.0006,-0.0004,2.3491,1.8573,0.1,0.0,0.0128,-0.1916,0.4598,0.0,0.0,0.0,0.0,wall_following_fail
2026-07-04 14:47:37.252,3.155,2.806,4.827,0.36,-0.0002,0.0001,2.3492,1.8573,0.1,0.0,0.0181,-0.1341,0.4311,0.0,0.0,0.0,0.0,wall_following_fail
2026-07-04 14:47:37.352,3.157,2.801,4.813,0.357,0.0001,-0.0,2.3491,1.8573,0.1,0.0,-0.0575,-0.0383,0.3257,0.0,0.0,0.0,0.0,wall_following_fail
2026-07-04 14:47:37.452,3.151,2.8,4.836,0.349,-0.0001,0.0,2.3492,1.8573,0.1,0.0,-0.0096,-0.0192,0.6993,0.0,0.0,0.0,0.0,wall_following_fail
2026-07-04 14:47:37.552,3.151,2.814,4.825,0.356,0.0,-0.0013,2.3491,1.8574,0.1,0.0,1.2144,-1.8106,-0.479,0.0,0.0,0.0,0.0,wall_following_fail
2026-07-04 14:47:37.652,3.155,2.806,4.813,0.362,0.0049,-0.0002,2.3518,1.8554,0.1,0.0,0.1332,-0.115,0.5461,0.0,0.0,0.0,0.0,wall_following_fail
2026-07-04 14:47:37.752,3.167,2.817,4.826,0.348,0.0076,0.0004,2.3618,1.849,0.1,0.0,0.3931,-0.5173,-0.0766,0.0,0.0,0.0,0.0,wall_following_fail
2026-07-04 14:47:37.852,3.184,2.844,3.989,0.335,0.0139,-0.002,2.3774,1.8399,0.1,0.0,0.2003,0.0096,1.8202,0.0,0.0,0.0,0.0,wall_following_fail
2026-07-04 14:47:37.952,3.197,2.869,3.591,0.327,0.0054,-0.0001,2.3906,1.8329,0.1,0.0,0.2663,0.2874,2.3471,0.0,0.0,0.0,0.0,wall_following_fail
2026-07-04 14:47:38.052,3.199,2.865,3.55,0.324,0.0043,0.0012,2.3959,1.8301,0.1,0.0,-1.5883,-0.0192,1.0442,0.0,0.0,0.0,0.0,wall_following_fail
2026-07-04 14:47:38.152,3.205,2.881,3.525,0.315,0.0093,-0.0001,2.4025,1.824,0.1,0.0,-1.5947,0.0671,1.2358,0.0,0.0,0.0,0.0,wall_following_fail
2026-07-04 14:47:38.252,3.206,2.868,3.541,0.319,0.0076,-0.0001,2.4068,1.8159,0.1,0.0,-1.9899,0.0192,0.1437,0.0,0.0,0.0,0.0,wall_following_fail
2026-07-04 14:47:38.352,3.202,2.863,3.748,0.322,0.0111,-0.0011,2.408,1.8062,0.1,0.0,-1.5649,-0.4886,0.2108,0.0,0.0,0.0,0.0,wall_following_fail
2026-07-04 14:47:38.452,3.193,2.856,3.932,0.325,0.0148,0.0006,2.4051,1.7916,0.1,0.0,-0.947,-0.3832,0.0671,0.0,0.0,0.0,0.0,wall_following_fail
2026-07-04 14:47:38.552,3.173,2.832,4.719,0.34,0.0117,-0.0003,2.3987,1.7756,0.1,0.0,-0.4975,-0.297,0.8047,0.0,0.0,0.0,0.0,wall_following_fail
2026-07-04 14:47:38.652,3.17,2.827,4.742,0.341,0.0093,0.0003,2.3914,1.7619,0.1,0.0,-0.2812,-0.2108,-0.1054,0.0,0.0,0.0,0.0,wall_following_fail
2026-07-04 14:47:38.752,3.158,2.804,4.731,0.355,0.0092,0.0003,2.3835,1.7488,0.1,0.0,-0.1875,-0.182,0.843,0.0,0.0,0.0,0.0,wall_following_fail
2026-07-04 14:47:38.852,3.146,2.789,4.707,0.362,0.01,-0.0001,2.3748,1.7353,0.1,0.0,-0.0874,-0.0958,0.6898,0.0,0.0,0.0,0.0,wall_following_fail
2026-07-04 14:47:38.952,3.133,2.776,4.717,0.378,0.009,-0.0005,2.3665,1.7228,0.1,0.0,-0.0501,0.1245,1.2933,0.0,0.0,0.0,0.0,wall_following_fail
2026-07-04 14:47:39.053,3.126,2.768,4.715,0.389,0.0091,0.001,2.3589,1.7111,0.1,0.0,0.0905,-0.1629,0.5269,0.0,0.0,0.0,0.0,wall_following_fail
2026-07-04 14:47:39.152,3.111,2.757,7.742,0.397,0.0091,0.0001,2.3521,1.6997,0.1,0.0,0.1214,0.0479,-0.182,0.0,0.0,0.0,0.0,wall_following_fail
2026-07-04 14:47:39.252,3.105,2.748,7.714,0.409,0.0096,-0.0006,2.3456,1.6881,0.1,0.0,0.1129,0.0766,1.6478,0.0,0.0,0.0,0.0,wall_following
2026-07-04 14:47:39.352,3.099,2.726,7.714,0.41,0.0087,-0.0003,2.3397,1.6768,0.1,0.0,0.1715,-0.0192,0.4598,0.0,0.0,0.0,0.0,wall_following
2026-07-04 14:47:39.452,3.095,2.71,7.709,0.419,0.0092,0.0,2.3344,1.6656,0.1,0.0,0.0948,-0.1054,0.7664,0.0,0.0,0.0,0.0,wall_following
2026-07-04 14:47:39.552,3.087,2.706,7.699,0.427,0.0117,0.0011,2.3295,1.6546,0.1,0.0,0.2589,-0.1341,0.0192,0.0,0.0,0.0,0.0,wall_following
2026-07-04 14:47:39.652,3.08,2.697,7.681,0.433,0.0083,0.0005,2.3258,1.6446,0.1,0.0,0.1087,-0.0096,1.0059,0.0,0.0,0.0,0.0,wall_following
2026-07-04 14:47:39.752,3.078,2.708,7.671,0.435,0.0121,0.0004,2.3221,1.6331,0.1,0.0,0.2972,0.0383,0.8909,0.0,0.0,0.0,0.0,wall_following
2026-07-04 14:47:39.852,3.063,2.683,7.673,0.439,0.0077,0.0003,2.3189,1.6224,0.1,0.0,0.1246,-0.1629,1.1783,0.0,0.0,0.0,0.0,wall_following
2026-07-04 14:47:39.952,3.056,2.677,7.648,0.445,0.0095,-0.0002,2.3162,1.6116,0.1,0.0,0.1779,-0.0671,0.661,0.0,0.0,0.0,0.0,wall_following
2026-07-04 14:47:40.052,3.053,2.662,7.614,0.451,0.0079,-0.0001,2.314,1.6017,0.1,0.0,0.5614,-0.0383,0.364,0.0,0.0,0.0,0.0,wall_following
2026-07-04 14:47:40.153,3.059,2.657,7.627,0.447,0.0026,0.0001,2.3134,1.5962,0.1,0.0,0.9779,0.364,1.2646,0.0,0.0,0.0,0.0,wall_following
2026-07-04 14:47:40.252,3.057,2.667,7.64,0.447,-0.0012,-0.0003,2.3133,1.5966,0.1,0.0,-0.1353,-0.0192,0.0575,0.0,0.0,0.0,0.0,wall_following
2026-07-04 14:47:40.352,3.057,2.67,7.644,0.453,0.0003,0.0002,2.3133,1.5972,0.1,0.0,-0.0767,-0.2395,0.2491,0.0,0.0,0.0,0.0,wall_following
2026-07-04 14:47:40.452,3.05,2.655,7.648,0.446,0.0003,0.0,2.3133,1.5968,0.1,0.0,-0.0021,-0.297,0.6514,0.0,0.0,0.0,0.0,wall_following
2026-07-04 14:47:40.552,3.05,2.668,7.627,0.452,-0.0001,0.0001,2.3133,1.5969,0.1,0.0,-0.0458,-0.2203,0.3353,0.0,0.0,0.0,0.0,wall_following
2026-07-04 14:47:40.652,3.052,2.665,7.618,0.454,0.0001,-0.0001,2.3133,1.5969,0.1,0.0,0.0149,-0.0479,1.0346,0.0,0.0,0.0,0.0,wall_following
2026-07-04 14:47:40.752,3.052,2.67,7.658,0.445,-0.0001,0.0,2.3133,1.5969,0.1,0.0,0.0373,-0.1724,0.7568,0.0,0.0,0.0,0.0,wall_following
2026-07-04 14:47:40.852,3.052,2.659,7.657,0.449,0.0001,0.0,2.3133,1.5969,0.1,0.0,0.032,-0.1533,0.3832,0.0,0.0,0.0,0.0,wall_following
2026-07-04 14:47:40.952,3.047,2.663,7.623,0.452,-0.0,0.0,2.3133,1.5969,0.1,0.0,-0.0117,-0.1916,0.5461,0.0,0.0,0.0,0.0,wall_following
2026-07-04 14:47:41.052,3.056,2.668,7.635,0.45,0.0005,-0.0186,2.3133,1.597,0.1,0.0,-1.9526,-0.0766,1.9448,0.0,0.0,0.0,0.0,wall_following
2026-07-04 14:47:41.152,3.042,2.599,65.533,0.454,0.001,-0.0123,2.3131,1.5963,0.1,0.0,-2.1092,0.4215,-0.0575,0.0,0.0,0.0,0.0,wall_following
2026-07-04 14:47:41.252,3.04,2.565,65.533,0.467,0.0018,-0.015,2.313,1.5948,0.1,0.0,-1.9164,0.3832,0.0383,0.0,0.0,0.0,0.0,wall_following
2026-07-04 14:47:41.352,3.024,2.511,65.533,0.461,0.0021,-0.0199,2.3128,1.5922,0.1,0.0,-1.5393,-0.3161,-0.6227,0.0,0.0,0.0,0.0,wall_following
2026-07-04 14:47:41.452,3.017,2.419,65.533,0.48,0.0015,-0.0204,2.3131,1.5903,0.1,0.0,1.3742,0.2778,1.3316,0.0,0.0,0.0,0.0,wall_following
2026-07-04 14:47:41.552,3.011,2.364,65.533,0.487,0.0009,-0.0193,2.3133,1.5891,0.1,0.0,-0.5667,-0.2682,0.1054,0.0,0.0,0.0,0.0,wall_following
2026-07-04 14:47:41.652,3.043,2.315,65.533,0.495,0.0005,-0.0197,2.3135,1.5884,0.1,0.0,-0.4751,-0.0958,0.3353,0.0,0.0,0.0,0.0,wall_following
2026-07-04 14:47:41.752,3.149,2.25,65.533,0.506,0.0005,-0.0224,2.3138,1.5879,0.1,0.0,-0.1353,-0.1533,0.4311,0.0,0.0,0.0,0.0,wall_following
2026-07-04 14:47:41.852,3.139,2.196,65.533,0.517,0.0002,-0.0206,2.3139,1.5876,0.1,0.0,-0.3164,-0.1724,0.2203,0.0,0.0,0.0,0.0,wall_following
2026-07-04 14:47:41.952,3.147,2.128,65.533,0.519,0.0001,-0.0285,2.314,1.5875,0.1,0.0,-0.1459,-0.1916,0.4024,0.0,0.0,0.0,0.0,wall_following
2026-07-04 14:47:42.052,3.143,2.077,65.533,0.541,0.0001,-0.0203,2.314,1.5874,0.1,0.0,-0.1459,0.182,0.297,0.0,0.0,0.0,0.0,wall_following
2026-07-04 14:47:42.152,3.144,2.056,65.533,0.546,0.0001,-0.0201,2.314,1.5874,0.1,0.0,-0.0937,-0.1916,0.4119,0.0,0.0,0.0,0.0,wall_following
2026-07-04 14:47:42.253,3.144,2.006,8.388,0.566,-0.0,-0.0222,2.314,1.5874,0.1,0.0,-0.1758,-0.1724,0.3161,0.0,0.0,0.0,0.0,wall_following
2026-07-04 14:47:42.352,3.164,2.066,5.37,0.563,0.0,-0.0213,2.314,1.5873,0.1,0.0,-0.1172,-0.0958,0.6227,0.0,0.0,0.0,0.0,wall_following
2026-07-04 14:47:42.452,3.166,2.178,8.565,0.594,0.0001,-0.0241,2.314,1.5874,0.1,0.0,-0.1577,0.0,0.7377,0.0,0.0,0.0,0.0,wall_following
2026-07-04 14:47:42.552,3.182,2.306,8.767,0.604,-0.0,-0.0272,2.314,1.5874,0.1,0.0,-0.1459,-0.2012,0.7568,0.0,0.0,0.0,0.0,wall_following
2026-07-04 14:47:42.652,3.196,2.45,5.45,0.616,-0.0,-0.0241,2.314,1.5874,0.1,0.0,-0.0597,0.0287,0.2682,0.0,0.0,0.0,0.0,wall_following
2026-07-04 14:47:42.752,3.218,65.533,5.169,0.626,-0.0,-0.033,2.314,1.5874,0.1,0.0,-0.0671,-0.2108,0.2778,0.0,0.0,0.0,0.0,wall_following
2026-07-04 14:47:42.852,3.243,65.533,4.803,0.655,-0.0,-0.0247,2.314,1.5874,0.1,0.0,-0.1619,-0.2874,0.364,0.0,0.0,0.0,0.0,wall_following
2026-07-04 14:47:42.953,3.268,65.533,4.356,0.667,0.0,-0.0236,2.314,1.5873,0.1,0.0,-0.1332,-0.0575,0.4311,0.0,0.0,0.0,0.0,approaching_wall
2026-07-04 14:47:43.052,2.754,3.077,3.963,0.678,0.0,-0.0235,2.314,1.5874,0.1,0.0,-0.2344,-0.2203,0.2491,0.0,0.0,0.0,0.0,approaching_wall
2026-07-04 14:47:43.152,2.603,3.065,3.691,0.702,0.0002,-0.0312,2.314,1.5874,0.1,0.0,-0.1545,0.0671,0.6323,0.0,0.0,0.0,0.0,approaching_wall
2026-07-04 14:47:43.252,2.33,3.021,3.529,0.721,0.0,-0.0261,2.314,1.5874,0.1,0.0,-0.082,0.1916,0.4024,0.0,0.0,0.0,0.0,approaching_wall
2026-07-04 14:47:43.352,2.135,2.98,3.352,0.751,-0.0,-0.0239,2.314,1.5874,0.1,0.0,-0.1204,-0.0575,0.2682,0.0,0.0,0.0,0.0,approaching_wall
2026-07-04 14:47:43.452,2.16,2.955,3.17,0.765,-0.0001,-0.0231,2.314,1.5873,0.1,0.0,-0.0905,-0.0479,0.4503,0.0,0.0,0.0,0.0,approaching_wall
2026-07-04 14:47:43.552,2.134,2.921,3.017,0.782,0.0003,-0.0276,2.314,1.5874,0.1,0.0,-0.082,-0.1629,0.4407,0.0,0.0,0.0,0.0,approaching_wall
2026-07-04 14:47:43.652,2.146,2.908,2.886,0.814,0.0,-0.0157,2.314,1.5873,0.1,0.0,-0.1119,-0.0862,0.9484,0.0,0.0,0.0,0.0,approaching_wall
2026-07-04 14:47:43.752,2.146,2.882,2.83,0.818,-0.0,-0.0056,2.314,1.5874,0.1,0.0,-0.0192,-0.1341,0.958,0.0,0.0,0.0,0.0,approaching_wall
2026-07-04 14:47:43.852,2.139,2.882,2.818,0.82,-0.0001,0.0003,2.3141,1.5873,0.1,0.0,0.5103,0.297,0.5077,0.0,0.0,0.0,0.0,approaching_wall
2026-07-04 14:47:43.952,2.145,2.884,2.82,0.832,0.0007,-0.0007,2.3154,1.5864,0.1,0.0,2.1998,0.3736,0.9388,0.0,0.0,0.0,0.0,approaching_wall
2026-07-04 14:47:44.053,2.146,2.877,2.79,0.837,0.0036,-0.0141,2.3194,1.5826,0.1,0.0,2.0932,-0.0766,0.6419,0.0,0.0,0.0,0.0,approaching_wall
2026-07-04 14:47:44.152,2.157,2.88,2.725,0.842,0.0087,-0.0343,2.3244,1.5743,0.1,0.0,2.0155,0.0287,0.9005,0.0,0.0,0.0,0.0,approaching_wall
2026-07-04 14:47:44.252,2.83,2.856,2.566,0.877,0.0074,-0.0289,2.3309,1.5635,0.1,0.0,1.2804,-0.1437,0.8622,0.0,0.0,0.0,0.0,approaching_wall
2026-07-04 14:47:44.352,3.576,2.833,65.533,0.9,0.0104,-0.0309,2.3398,1.5492,0.1,0.0,2.1327,0.6323,-0.1533,0.0,0.0,0.0,0.0,approaching_wall
2026-07-04 14:47:44.452,3.693,2.806,2.322,0.955,0.0128,-0.0238,2.3507,1.5305,0.1,0.0,2.122,1.849,-0.3832,0.0,0.0,0.0,0.0,approaching_wall
2026-07-04 14:47:44.552,3.759,2.805,2.284,0.957,0.0138,-0.0051,2.3675,1.5038,0.1,0.0,0.1864,-0.6802,-0.9005,0.0,0.0,0.0,0.0,approaching_wall
2026-07-04 14:47:44.652,3.816,2.821,2.289,0.949,0.0156,-0.0007,2.3875,1.4776,0.1,0.0,0.3739,-0.297,0.5269,0.0,0.0,0.0,0.0,approaching_wall
2026-07-04 14:47:44.752,3.845,2.834,2.298,0.918,0.0125,-0.0003,2.4079,1.4536,0.1,0.0,0.294,0.3928,1.2454,0.0,0.0,0.0,0.0,approaching_wall
2026-07-04 14:47:44.852,3.805,2.854,2.405,0.883,0.0104,0.005,2.4265,1.4321,0.1,0.0,-0.0138,6.4857,-1.0251,0.0,0.0,0.0,0.0,approaching_wall
2026-07-04 14:47:44.952,2.999,2.886,2.581,0.829,0.0129,0.0057,2.4454,1.408,0.1,0.0,0.1854,-0.7281,0.1629,0.0,0.0,0.0,0.0,approaching_wall
2026-07-04 14:47:45.052,2.299,2.922,2.77,0.775,0.0116,0.0051,2.4629,1.3834,0.1,0.0,0.2269,0.5844,0.9867,0.0,0.0,0.0,0.0,approaching_wall
2026-07-04 14:47:45.152,2.3,2.96,65.533,0.722,0.0101,0.0047,2.4777,1.3624,0.1,0.0,0.0554,0.0096,-0.4215,0.0,0.0,0.0,0.0,approaching_wall
2026-07-04 14:47:45.252,2.308,2.994,65.533,0.694,0.0091,-0.0001,2.4898,1.345,0.1,0.0,-0.1236,-0.3161,0.8143,0.0,0.0,0.0,0.0,approaching_wall
2026-07-04 14:47:45.352,2.776,3.028,65.533,0.664,0.0118,0.003,2.4997,1.3296,0.1,0.0,-0.212,0.1724,-0.0383,0.0,0.0,0.0,0.0,approaching_wall
2026-07-04 14:47:45.452,2.784,3.045,3.347,0.648,0.0087,0.0019,2.5078,1.3162,0.1,0.0,-0.1534,-0.2778,-0.2299,0.0,0.0,0.0,0.0,approaching_wall
2026-07-04 14:47:45.552,2.888,3.027,3.419,0.63,0.0088,0.0019,2.516,1.3017,0.1,0.0,-0.0937,0.364,0.7951,0.0,0.0,0.0,0.0,wall_following
2026-07-04 14:47:45.652,3.027,2.971,3.529,0.62,0.0081,0.0021,2.5228,1.2889,0.1,0.0,-0.2056,-0.0671,0.7664,0.0,0.0,0.0,0.0,wall_following
2026-07-04 14:47:45.752,3.491,2.713,3.61,0.614,0.0078,0.0015,2.5286,1.2768,0.1,0.0,-0.1886,-0.1533,1.0251,0.0,0.0,0.0,0.0,wall_following
2026-07-04 14:47:45.852,3.462,2.617,3.81,0.604,0.011,0.0016,2.5338,1.2648,0.1,0.0,-0.147,0.0096,0.5461,0.0,0.0,0.0,0.0,wall_following
2026-07-04 14:47:45.952,3.455,2.415,3.87,0.59,0.0087,0.0012,2.5383,1.2533,0.1,0.0,-0.2013,0.0,0.0096,0.0,0.0,0.0,0.0,wall_following
2026-07-04 14:47:46.052,3.449,2.346,3.972,0.587,0.0075,0.0001,2.5424,1.2419,0.1,0.0,-0.1886,-0.1437,0.0479,0.0,0.0,0.0,0.0,wall_following
2026-07-04 14:47:46.152,3.447,2.245,4.051,0.59,0.0072,0.0003,2.5458,1.2307,0.1,0.0,-0.2152,-0.1629,0.4407,0.0,0.0,0.0,0.0,wall_following
2026-07-04 14:47:46.252,3.442,2.169,4.11,0.574,0.0087,-0.0008,2.5485,1.2194,0.1,0.0,-0.1427,-0.182,0.8143,0.0,0.0,0.0,0.0,wall_following
2026-07-04 14:47:46.352,3.446,2.104,4.136,0.578,0.0096,-0.0003,2.5504,1.2081,0.1,0.0,-0.2333,-0.1629,0.1724,0.0,0.0,0.0,0.0,wall_following
2026-07-04 14:47:46.452,3.432,2.056,4.214,0.573,0.0078,0.0033,2.5518,1.1965,0.1,0.0,-0.0948,0.0766,0.1341,0.0,0.0,0.0,0.0,wall_following
2026-07-04 14:47:46.552,3.427,1.995,4.249,0.567,0.0092,-0.0002,2.553,1.1849,0.1,0.0,-0.0639,0.6802,-0.1341,0.0,0.0,0.0,0.0,wall_following
2026-07-04 14:47:46.652,3.427,1.923,4.264,0.563,0.0095,-0.0006,2.5539,1.1734,0.1,0.0,-0.1332,-0.1437,0.3736,0.0,0.0,0.0,0.0,wall_following
2026-07-04 14:47:46.752,3.42,1.878,4.286,0.565,0.0111,0.0004,2.5546,1.162,0.1,0.0,0.0522,0.2203,0.594,0.0,0.0,0.0,0.0,wall_following
2026-07-04 14:47:46.852,3.42,1.865,4.306,0.565,0.0088,-0.0006,2.5551,1.1517,0.1,0.0,-0.2162,-0.0575,-0.0287,0.0,0.0,0.0,0.0,wall_following
2026-07-04 14:47:46.952,3.423,1.818,4.304,0.573,0.0099,0.0006,2.5554,1.1402,0.1,0.0,-0.0831,-0.0958,0.6323,0.0,0.0,0.0,0.0,wall_following
2026-07-04 14:47:47.052,3.42,1.817,4.319,0.563,0.0123,-0.0006,2.5557,1.1281,0.1,0.0,0.0895,0.0479,0.3353,0.0,0.0,0.0,0.0,wall_following
2026-07-04 14:47:47.152,3.425,1.83,4.361,0.564,0.0093,-0.0003,2.556,1.1176,0.1,0.0,0.0554,0.2395,-0.2587,0.0,0.0,0.0,0.0,wall_following
2026-07-04 14:47:47.252,3.427,1.848,4.36,0.563,0.0097,-0.0004,2.5562,1.1059,0.1,0.0,-0.1001,-0.115,0.4311,0.0,0.0,0.0,0.0,wall_following
2026-07-04 14:47:47.352,3.421,1.843,4.398,0.565,0.0098,-0.0001,2.5563,1.0952,0.1,0.0,0.0011,-0.0862,0.9484,0.0,0.0,0.0,0.0,wall_following
2026-07-04 14:47:47.452,3.417,1.843,4.403,0.567,0.0097,-0.0003,2.5564,1.0834,0.1,0.0,-0.1193,-0.0862,0.2108,0.0,0.0,0.0,0.0,wall_following
2026-07-04 14:47:47.552,3.414,1.857,4.441,0.552,0.011,0.0,2.5564,1.0729,0.1,0.0,-0.0586,-0.0192,0.4407,0.0,0.0,0.0,0.0,wall_following
2026-07-04 14:47:47.652,3.412,1.865,4.443,0.553,0.0098,-0.0002,2.5564,1.0612,0.1,0.0,-0.0501,0.1916,0.2874,0.0,0.0,0.0,0.0,wall_following
2026-07-04 14:47:47.752,3.416,1.853,4.395,0.556,0.0119,0.0,2.5562,1.0507,0.1,0.0,-0.0202,-0.182,0.364,0.0,0.0,0.0,0.0,wall_following
2026-07-04 14:47:47.852,3.418,1.855,4.384,0.559,0.0096,-0.0003,2.5559,1.0393,0.1,0.0,-0.0511,-0.0479,0.6419,0.0,0.0,0.0,0.0,wall_following
2026-07-04 14:47:47.952,3.421,1.845,4.419,0.561,0.0112,-0.0008,2.5555,1.0282,0.1,0.0,-0.0373,-0.0479,0.2491,0.0,0.0,0.0,0.0,wall_following
2026-07-04 14:47:48.052,3.419,1.857,4.431,0.556,0.0099,-0.0002,2.5552,1.0172,0.1,0.0,0.0075,-0.0766,0.5461,0.0,0.0,0.0,0.0,wall_following
2026-07-04 14:47:48.152,3.415,1.85,4.395,0.56,0.0098,-0.0006,2.5548,1.0062,0.1,0.0,-0.0597,-0.1629,0.9388,0.0,0.0,0.0,0.0,wall_following
2026-07-04 14:47:48.252,3.414,1.855,4.407,0.561,0.0097,0.0001,2.5544,0.9954,0.1,0.0,-0.0043,-0.1724,0.776,0.0,0.0,0.0,0.0,wall_following
2026-07-04 14:47:48.352,3.419,1.857,4.407,0.562,0.0105,0.0,2.5541,0.984,0.1,0.0,0.1395,0.0671,0.958,0.0,0.0,0.0,0.0,wall_following
2026-07-04 14:47:48.452,3.416,1.851,4.417,0.564,0.013,-0.0005,2.554,0.9728,0.1,0.0,-0.0181,-0.2108,0.6419,0.0,0.0,0.0,0.0,wall_following
2026-07-04 14:47:48.552,3.415,1.856,4.39,0.561,0.01,0.0001,2.5539,0.962,0.1,0.0,-0.0085,-0.182,0.3449,0.0,0.0,0.0,0.0,wall_following
2026-07-04 14:47:48.652,3.417,1.858,4.398,0.562,0.0097,0.0001,2.5539,0.9509,0.1,0.0,0.0746,-0.0096,0.5173,0.0,0.0,0.0,0.0,wall_following
2026-07-04 14:47:48.752,3.418,1.858,4.409,0.56,0.0087,0.0005,2.5539,0.9397,0.1,0.0,0.0288,-0.3928,0.0575,0.0,0.0,0.0,0.0,wall_following
2026-07-04 14:47:48.852,3.414,1.859,4.439,0.561,0.0089,-0.0001,2.5539,0.9288,0.1,0.0,-0.0735,-0.182,-0.297,0.0,0.0,0.0,0.0,wall_following
2026-07-04 14:47:48.952,3.411,1.855,4.436,0.55,0.0092,-0.0,2.5538,0.9176,0.1,0.0,-0.1534,0.1341,0.8909,0.0,0.0,0.0,0.0,wall_following
2026-07-04 14:47:49.052,3.412,1.858,4.43,0.54,0.0093,-0.0003,2.5535,0.907,0.1,0.0,-0.1566,-0.0862,0.0096,0.0,0.0,0.0,0.0,wall_following
2026-07-04 14:47:49.152,3.408,1.86,4.426,0.562,0.0095,0.0,2.5531,0.8959,0.1,0.0,0.0969,-0.2108,0.1437,0.0,0.0,0.0,0.0,wall_following
2026-07-04 14:47:49.252,3.417,1.852,4.429,0.556,0.0094,-0.0,2.5527,0.8853,0.1,0.0,0.0671,-0.1054,0.3066,0.0,0.0,0.0,0.0,wall_following
2026-07-04 14:47:49.352,3.423,1.861,4.43,0.552,0.0093,-0.0003,2.5524,0.8738,0.1,0.0,-0.0671,0.0,0.0,0.0,0.0,0.0,0.0,wall_following
2026-07-04 14:47:49.452,3.423,1.859,4.456,0.557,0.0093,-0.0001,2.552,0.863,0.1,0.0,0.0447,0.0192,0.364,0.0,0.0,0.0,0.0,wall_following
2026-07-04 14:47:49.552,3.411,1.861,4.424,0.559,0.0103,-0.0006,2.5517,0.852,0.1,0.0,-0.0799,0.0383,0.7089,0.0,0.0,0.0,0.0,wall_following
2026-07-04 14:47:49.652,3.414,1.868,4.458,0.547,0.0132,-0.0,2.5513,0.8408,0.1,0.0,0.0181,-0.0479,-0.1916,0.0,0.0,0.0,0.0,wall_following
2026-07-04 14:47:49.753,3.412,1.86,4.44,0.548,0.0093,0.0002,2.5511,0.8297,0.1,0.0,0.0937,0.0192,-0.0479,0.0,0.0,0.0,0.0,wall_following
2026-07-04 14:47:49.852,3.402,1.863,4.461,0.546,0.0093,0.0002,2.551,0.8186,0.1,0.0,-0.0181,-0.3161,0.8047,0.0,0.0,0.0,0.0,wall_following
2026-07-04 14:47:49.952,3.407,1.864,4.44,0.55,0.0107,0.0002,2.5508,0.8078,0.1,0.0,-0.0043,0.0671,0.8814,0.0,0.0,0.0,0.0,wall_following
2026-07-04 14:47:50.052,3.414,1.859,4.464,0.55,0.0085,-0.0001,2.5505,0.797,0.1,0.0,-0.1491,0.2012,0.7089,0.0,0.0,0.0,0.0,wall_following
2026-07-04 14:47:50.152,3.418,1.865,4.455,0.557,0.0082,-0.0008,2.5501,0.7864,0.1,0.0,-0.0799,-0.3449,0.5748,0.0,0.0,0.0,0.0,wall_following
2026-07-04 14:47:50.252,3.413,1.857,4.486,0.555,0.0092,-0.0004,2.5495,0.7755,0.1,0.0,-0.0682,0.0192,0.182,0.0,0.0,0.0,0.0,wall_following
2026-07-04 14:47:50.352,3.412,1.854,4.49,0.555,0.0098,-0.0003,2.5489,0.7645,0.1,0.0,0.0032,-0.0096,0.5652,0.0,0.0,0.0,0.0,wall_following
2026-07-04 14:47:50.452,3.411,1.868,4.492,0.546,0.01,-0.0004,2.5484,0.7536,0.1,0.0,0.0149,-0.2203,0.661,0.0,0.0,0.0,0.0,wall_following
2026-07-04 14:47:50.552,3.406,1.865,4.488,0.554,0.0102,-0.0008,2.5479,0.7431,0.1,0.0,0.017,-0.0287,0.5077,0.0,0.0,0.0,0.0,wall_following
2026-07-04 14:47:50.652,3.414,1.873,4.477,0.554,0.01,-0.0005,2.5472,0.7323,0.1,0.0,0.0501,0.0862,0.2778,0.0,0.0,0.0,0.0,wall_following
2026-07-04 14:47:50.752,3.403,1.871,4.524,0.553,0.0111,0.0014,2.5467,0.7212,0.1,0.0,0.0969,0.0383,0.6898,0.0,0.0,0.0,0.0,wall_following
2026-07-04 14:47:50.852,3.404,1.871,4.476,0.55,0.0045,-0.0007,2.5463,0.7138,0.1,0.0,-0.833,-0.0479,1.4466,0.0,0.0,0.0,0.0,wall_following
2026-07-04 14:47:50.952,3.405,1.868,4.519,0.558,-0.001,-0.0011,2.5461,0.7122,0.1,0.0,-0.2439,0.0862,0.364,0.0,0.0,0.0,0.0,wall_following
2026-07-04 14:47:51.052,3.405,1.87,4.518,0.556,-0.0014,-0.0018,2.5464,0.7135,0.1,0.0,0.016,-0.1341,0.0479,0.0,0.0,0.0,0.0,wall_following
2026-07-04 14:47:51.152,3.406,1.871,4.499,0.553,0.0007,0.0005,2.5464,0.7135,0.1,0.0,-0.0234,0.1916,0.3832,0.0,0.0,0.0,0.0,wall_following
2026-07-04 14:47:51.252,3.404,1.865,4.502,0.561,0.0001,0.0001,2.5463,0.7131,0.1,0.0,0.0692,-0.2682,0.7281,0.0,0.0,0.0,0.0,wall_following
2026-07-04 14:47:51.352,3.408,1.865,4.496,0.56,-0.0003,-0.0003,2.5464,0.7133,0.1,0.0,-0.0138,-0.0671,0.3066,0.0,0.0,0.0,0.0,wall_following
2026-07-04 14:47:51.452,3.41,1.877,4.501,0.558,0.0002,0.0001,2.5464,0.7133,0.1,0.0,0.0085,-0.1341,0.5652,0.0,0.0,0.0,0.0,wall_following
2026-07-04 14:47:51.552,3.399,1.861,4.511,0.562,-0.0001,-0.0001,2.5463,0.7132,0.1,0.0,-0.0746,-0.1916,0.6993,0.0,0.0,0.0,0.0,wall_following
2026-07-04 14:47:51.652,3.412,1.867,4.502,0.552,0.0001,0.0001,2.5464,0.7133,0.1,0.0,0.0309,-0.1054,0.2395,0.0,0.0,0.0,0.0,wall_following
2026-07-04 14:47:51.752,3.405,1.878,4.52,0.565,-0.0,-0.0,2.5463,0.7133,0.1,0.0,0.016,0.0862,0.479,0.0,0.0,0.0,0.0,wall_following
2026-07-04 14:47:51.852,3.412,1.87,4.531,0.557,0.0013,-0.001,2.5463,0.7131,0.1,0.0,1.2037,-0.7281,1.1783,0.0,0.0,0.0,0.0,wall_following
2026-07-04 14:47:51.952,3.404,1.874,4.511,0.553,0.0077,0.0011,2.5462,0.7082,0.1,0.0,1.387,-0.5173,-0.5173,0.0,0.0,0.0,0.0,wall_following
2026-07-04 14:47:52.052,3.406,1.877,4.541,0.544,0.0133,0.0009,2.5472,0.6958,0.1,0.0,0.294,0.7281,-0.2108,0.0,0.0,0.0,0.0,wall_following
2026-07-04 14:47:52.152,3.401,1.884,4.666,0.541,0.0176,0.004,2.5497,0.6771,0.1,0.0,0.2951,-0.1054,0.7185,0.0,0.0,0.0,0.0,wall_following
2026-07-04 14:47:52.252,3.392,1.918,5.127,0.533,0.0166,0.0087,2.5541,0.654,0.1,0.0,0.8352,-0.0096,0.0766,0.0,0.0,0.0,0.0,wall_following
2026-07-04 14:47:52.352,3.231,1.966,5.311,0.506,0.0095,0.003,2.559,0.6369,0.1,0.0,0.686,0.6419,1.8011,0.0,0.0,0.0,0.0,wall_following
2026-07-04 14:47:52.452,3.222,1.976,5.308,0.491,0.0045,0.0028,2.5624,0.6278,0.1,0.0,0.7212,0.2587,0.6131,0.0,0.0,0.0,0.0,wall_following
2026-07-04 14:47:52.553,3.21,2.003,5.257,0.48,0.0009,-0.0005,2.5642,0.6247,0.1,0.0,0.7531,0.2108,0.3928,0.0,0.0,0.0,0.0,wall_following
2026-07-04 14:47:52.652,3.215,2.012,7.834,0.474,0.0038,0.0007,2.5666,0.6211,0.1,0.0,-0.6029,0.1437,-0.4119,0.0,0.0,0.0,0.0,wall_following
2026-07-04 14:47:52.752,3.206,2.035,7.742,0.463,0.0087,0.0069,2.5731,0.6108,0.1,0.0,-0.2653,-0.2203,-0.594,0.0,0.0,0.0,0.0,wall_following
2026-07-04 14:47:52.852,3.192,2.089,7.54,0.442,0.0141,0.0054,2.5824,0.5929,0.1,0.0,-0.3526,-0.0096,-0.8239,0.0,0.0,0.0,0.0,wall_following
2026-07-04 14:47:52.952,3.198,2.169,7.424,0.423,0.0178,0.0128,2.5919,0.5693,0.1,0.0,0.0117,-0.4982,-0.8718,0.0,0.0,0.0,0.0,wall_following
2026-07-04 14:47:53.052,3.193,2.227,65.533,0.398,0.0131,0.0113,2.6009,0.5474,0.1,0.0,0.1928,0.3449,1.14,0.0,0.0,0.0,0.0,wall_following_fail
2026-07-04 14:47:53.152,3.195,2.309,65.533,0.379,0.0076,0.0042,2.6085,0.5325,0.1,0.0,0.539,0.3449,1.2933,0.0,0.0,0.0,0.0,wall_following_fail
2026-07-04 14:47:53.252,3.196,2.355,65.533,0.36,0.0028,-0.0005,2.6142,0.5246,0.1,0.0,0.9758,0.1724,0.5461,0.0,0.0,0.0,0.0,wall_following_fail
2026-07-04 14:47:53.352,3.189,2.382,65.533,0.345,0.0009,-0.0,2.6184,0.5208,0.1,0.0,0.4794,0.0479,0.364,0.0,0.0,0.0,0.0,wall_following_fail
2026-07-04 14:47:53.452,3.203,2.397,65.533,0.343,0.0001,-0.0116,2.62,0.5197,0.1,0.0,-0.2237,0.5461,1.6478,0.0,0.0,0.0,0.0,wall_following_fail
2026-07-04 14:47:53.552,3.206,2.398,65.533,0.348,0.0003,-0.0029,2.6198,0.5198,0.1,0.0,-2.3979,0.4024,-0.3161,0.0,0.0,0.0,0.0,wall_following_fail
2026-07-04 14:47:53.652,3.201,2.388,65.533,0.35,0.0003,0.0009,2.6196,0.52,0.1,0.0,-1.7875,0.2012,0.1533,0.0,0.0,0.0,0.0,wall_following_fail
2026-07-04 14:47:53.752,3.19,2.378,65.533,0.352,0.0049,-0.0008,2.6195,0.5174,0.1,0.0,-1.9484,-0.0958,-0.5652,0.0,0.0,0.0,0.0,wall_following_fail
2026-07-04 14:47:53.852,3.189,2.367,65.533,0.361,0.015,-0.0009,2.6161,0.5085,0.1,0.0,-1.8099,0.0479,0.2491,0.0,0.0,0.0,0.0,wall_following_fail
2026-07-04 14:47:53.952,3.178,2.351,65.533,0.373,0.0138,-0.0017,2.6076,0.4982,0.1,0.0,-1.012,-0.3161,0.9293,0.0,0.0,0.0,0.0,wall_following_fail
2026-07-04 14:47:54.053,3.171,2.337,65.533,0.379,0.0143,-0.001,2.5968,0.4898,0.1,0.0,-0.6519,-0.3257,0.6131,0.0,0.0,0.0,0.0,wall_following_fail
2026-07-04 14:47:54.152,3.159,2.322,65.533,0.391,0.0118,-0.0002,2.5853,0.4829,0.1,0.0,-0.245,-0.182,0.7664,0.0,0.0,0.0,0.0,wall_following_fail
2026-07-04 14:47:54.252,3.145,2.309,65.533,0.403,0.0096,-0.0004,2.5731,0.4762,0.1,0.0,-0.0224,-0.4119,-0.8909,0.0,0.0,0.0,0.0,wall_following_fail
2026-07-04 14:47:54.352,3.143,2.295,65.533,0.407,0.0098,-0.0004,2.5622,0.4704,0.1,0.0,0.0117,-0.0192,0.2874,0.0,0.0,0.0,0.0,wall_following
2026-07-04 14:47:54.452,3.131,2.28,65.533,0.417,0.0098,-0.0002,2.5512,0.4645,0.1,0.0,0.1641,-0.1437,0.9388,0.0,0.0,0.0,0.0,wall_following
2026-07-04 14:47:54.552,3.125,2.272,65.533,0.423,0.0093,-0.0007,2.5406,0.4585,0.1,0.0,0.0064,-0.2012,0.0766,0.0,0.0,0.0,0.0,wall_following
2026-07-04 14:47:54.652,3.121,2.264,65.533,0.437,0.0115,0.0006,2.5303,0.4525,0.1,0.0,0.1758,-0.1341,0.9293,0.0,0.0,0.0,0.0,wall_following
2026-07-04 14:47:54.752,3.107,2.25,65.533,0.445,0.0088,-0.0004,2.5207,0.4463,0.1,0.0,0.1555,-0.0958,0.5461,0.0,0.0,0.0,0.0,wall_following
2026-07-04 14:47:54.852,3.109,2.228,65.533,0.446,0.0115,-0.0008,2.5113,0.4397,0.1,0.0,0.0117,-0.1341,0.2108,0.0,0.0,0.0,0.0,wall_following
2026-07-04 14:47:54.952,3.102,2.235,65.533,0.453,0.0096,0.0005,2.5025,0.4332,0.1,0.0,0.1683,-0.0958,0.4694,0.0,0.0,0.0,0.0,wall_following
2026-07-04 14:47:55.052,3.083,2.236,65.533,0.46,0.0076,-0.0005,2.4944,0.4265,0.1,0.0,0.1417,0.2491,0.6131,0.0,0.0,0.0,0.0,wall_following
2026-07-04 14:47:55.152,3.08,2.22,65.533,0.467,0.0104,0.0009,2.4865,0.4194,0.1,0.0,0.2642,-0.0479,0.9293,0.0,0.0,0.0,0.0,wall_following
2026-07-04 14:47:55.252,3.075,2.212,65.533,0.469,0.0092,0.0009,2.4791,0.4121,0.1,0.0,0.1332,-0.1341,0.8047,0.0,0.0,0.0,0.0,wall_following
2026-07-04 14:47:55.352,3.066,2.202,65.533,0.472,0.0096,-0.0008,2.472,0.4047,0.1,0.0,0.2301,-0.2108,0.6227,0.0,0.0,0.0,0.0,wall_following
2026-07-04 14:47:55.452,3.051,2.184,65.533,0.484,0.0088,0.0001,2.4654,0.3972,0.1,0.0,0.2514,-0.0287,0.6035,0.0,0.0,0.0,0.0,wall_following
2026-07-04 14:47:55.552,3.065,2.192,65.533,0.489,0.012,0.0001,2.459,0.3894,0.1,0.0,0.2162,-0.0287,0.479,0.0,0.0,0.0,0.0,wall_following
2026-07-04 14:47:55.652,3.06,2.188,65.533,0.486,0.0075,-0.0002,2.4533,0.3819,0.1,0.0,0.1108,-0.1533,0.4503,0.0,0.0,0.0,0.0,wall_following
2026-07-04 14:47:55.752,3.051,2.182,65.533,0.492,0.0091,-0.0004,2.4472,0.3735,0.1,0.0,0.147,-0.1341,0.8047,0.0,0.0,0.0,0.0,wall_following
2026-07-04 14:47:55.852,3.052,2.177,65.533,0.497,0.009,-0.0009,2.4416,0.3654,0.1,0.0,0.1321,-0.364,0.6035,0.0,0.0,0.0,0.0,wall_following
2026-07-04 14:47:55.952,3.042,2.171,65.533,0.501,0.0094,0.0001,2.436,0.3572,0.1,0.0,0.1917,-0.1916,0.6131,0.0,0.0,0.0,0.0,wall_following
2026-07-04 14:47:56.052,3.047,2.166,65.533,0.5,0.0093,-0.0008,2.4309,0.3494,0.1,0.0,0.147,-0.2012,0.6802,0.0,0.0,0.0,0.0,wall_following
2026-07-04 14:47:56.152,3.04,2.168,65.533,0.499,0.01,-0.0013,2.4256,0.3408,0.1,0.0,-0.0565,0.0383,0.5556,0.0,0.0,0.0,0.0,wall_following
2026-07-04 14:47:56.252,3.036,2.151,65.533,0.503,0.0098,-0.0012,2.4206,0.3324,0.1,0.0,0.1768,-0.1341,0.9676,0.0,0.0,0.0,0.0,wall_following
2026-07-04 14:47:56.352,3.035,2.157,65.533,0.509,0.0093,-0.0018,2.4159,0.3239,0.1,0.0,0.1033,0.1245,0.4598,0.0,0.0,0.0,0.0,wall_following
2026-07-04 14:47:56.452,3.024,2.162,65.533,0.511,0.0092,-0.0007,2.4111,0.3154,0.1,0.0,0.0373,0.0287,0.2395,0.0,0.0,0.0,0.0,wall_following
2026-07-04 14:47:56.552,1.858,2.151,65.533,0.516,0.0081,-0.0009,2.4065,0.3069,0.1,0.0,0.1236,-0.182,0.2491,0.0,0.0,0.0,0.0,wall_following
2026-07-04 14:47:56.652,1.756,2.146,65.533,0.513,0.0078,-0.0009,2.4021,0.2986,0.1,0.0,0.1491,0.0287,0.8526,0.0,0.0,0.0,0.0,wall_following
2026-07-04 14:47:56.752,1.73,2.142,65.533,0.514,0.0082,-0.0005,2.3978,0.29,0.1,0.0,0.049,-0.1533,0.2395,0.0,0.0,0.0,0.0,wall_following
2026-07-04 14:47:56.852,1.717,2.139,65.533,0.509,0.0089,-0.001,2.3938,0.2819,0.1,0.0,0.1012,-0.2395,0.1341,0.0,0.0,0.0,0.0,wall_following
2026-07-04 14:47:56.952,1.724,2.146,65.533,0.511,0.01,-0.0006,2.3893,0.2726,0.1,0.0,0.0969,-0.1054,0.3545,0.0,0.0,0.0,0.0,wall_following
2026-07-04 14:47:57.052,1.738,2.136,65.533,0.511,0.0069,-0.0011,2.3853,0.2641,0.1,0.0,0.1683,-0.182,0.0287,0.0,0.0,0.0,0.0,wall_following
2026-07-04 14:47:57.152,1.737,2.127,6.574,0.524,0.0107,-0.0018,2.3814,0.2552,0.1,0.0,0.0714,-0.115,0.2203,0.0,0.0,0.0,0.0,wall_following
2026-07-04 14:47:57.252,1.741,2.129,6.636,0.518,0.0082,-0.0009,2.3775,0.2465,0.1,0.0,-0.066,-0.3353,0.3449,0.0,0.0,0.0,0.0,wall_following
2026-07-04 14:47:57.352,1.708,2.127,65.533,0.52,0.0103,-0.0014,2.3739,0.2382,0.1,0.0,0.0128,-0.1629,0.5365,0.0,0.0,0.0,0.0,wall_following
2026-07-04 14:47:57.452,1.71,2.123,65.533,0.522,0.0087,-0.0008,2.3701,0.2295,0.1,0.0,-0.1097,-0.2874,0.1916,0.0,0.0,0.0,0.0,wall_following
2026-07-04 14:47:57.552,1.73,2.143,65.533,0.517,0.0097,-0.0013,2.366,0.2203,0.1,0.0,0.0373,-0.3353,0.5365,0.0,0.0,0.0,0.0,wall_following
2026-07-04 14:47:57.652,1.747,2.128,65.533,0.516,0.0064,-0.0011,2.3622,0.2116,0.1,0.0,0.0554,-0.1916,1.0825,0.0,0.0,0.0,0.0,wall_following
2026-07-04 14:47:57.752,1.753,2.129,65.533,0.53,0.0109,-0.0041,2.3585,0.2031,0.1,0.0,0.1119,-0.3066,0.9293,0.0,0.0,0.0,0.0,wall_following
2026-07-04 14:47:57.852,1.755,2.126,65.533,0.527,0.0096,-0.0014,2.3545,0.194,0.1,0.0,0.1236,-0.115,0.9867,0.0,0.0,0.0,0.0,wall_following
2026-07-04 14:47:57.952,1.768,2.128,65.533,0.523,0.0077,-0.0011,2.3509,0.1852,0.1,0.0,-0.066,0.0862,0.4886,0.0,0.0,0.0,0.0,wall_following
2026-07-04 14:47:58.052,1.781,2.122,65.533,0.523,0.0099,-0.0013,2.3472,0.1763,0.1,0.0,-0.0724,-0.1437,0.5077,0.0,0.0,0.0,0.0,wall_following
2026-07-04 14:47:58.152,1.782,2.125,65.533,0.525,0.0104,-0.0021,2.3437,0.1681,0.1,0.0,0.065,-0.182,0.3066,0.0,0.0,0.0,0.0,wall_following
2026-07-04 14:47:58.252,1.793,2.124,65.533,0.525,0.0088,-0.0013,2.3398,0.1589,0.1,0.0,0.0053,-0.1437,-0.1629,0.0,0.0,0.0,0.0,wall_following
2026-07-04 14:47:58.352,1.804,2.125,65.533,0.524,0.0101,-0.0011,2.336,0.1501,0.1,0.0,0.4634,0.0575,0.3066,0.0,0.0,0.0,0.0,wall_following
2026-07-04 14:47:58.452,1.857,2.122,65.533,0.517,0.0099,-0.0003,2.3326,0.1412,0.1,0.0,0.1619,0.0958,0.3928,0.0,0.0,0.0,0.0,wall_following
2026-07-04 14:47:58.552,1.838,2.13,65.533,0.519,0.0103,-0.0015,2.3295,0.1316,0.1,0.0,-0.1182,0.0096,0.7664,0.0,0.0,0.0,0.0,wall_following
2026-07-04 14:47:58.653,1.898,2.127,65.533,0.53,0.0119,-0.0012,2.3265,0.1219,0.1,0.0,0.1843,-0.1629,-0.0192,0.0,0.0,0.0,0.0,wall_following
2026-07-04 14:47:58.752,1.88,2.123,65.533,0.522,0.0123,-0.0007,2.3237,0.1122,0.1,0.0,0.1619,-0.0958,0.4886,0.0,0.0,0.0,0.0,wall_following
2026-07-04 14:47:58.852,1.905,2.136,65.533,0.525,0.0102,-0.0004,2.321,0.1029,0.1,0.0,-0.049,-0.2012,0.4598,0.0,0.0,0.0,0.0,wall_following
2026-07-04 14:47:58.952,1.924,2.127,65.533,0.525,0.0085,0.0002,2.3182,0.0928,0.1,0.0,-0.0426,-0.1916,0.3736,0.0,0.0,0.0,0.0,wall_following
2026-07-04 14:47:59.052,1.932,2.119,65.533,0.524,0.01,-0.0001,2.3156,0.0829,0.1,0.0,-0.0234,-0.1916,0.3449,0.0,0.0,0.0,0.0,wall_following
2026-07-04 14:47:59.152,1.925,2.119,65.533,0.522,0.0065,0.0002,2.3131,0.0732,0.1,0.0,0.0852,-0.1533,0.4886,0.0,0.0,0.0,0.0,wall_following
2026-07-04 14:47:59.252,1.933,2.123,65.533,0.521,0.0107,-0.0002,2.3106,0.0632,0.1,0.0,0.0192,0.0192,0.1341,0.0,0.0,0.0,0.0,wall_following
2026-07-04 14:47:59.352,1.938,2.124,65.533,0.518,0.0099,0.0004,2.3081,0.0532,0.1,0.0,0.0032,0.0287,0.6131,0.0,0.0,0.0,0.0,wall_following
2026-07-04 14:47:59.452,1.919,2.135,65.533,0.521,0.0089,0.0002,2.3056,0.0436,0.1,0.0,-0.1129,-0.2682,0.4886,0.0,0.0,0.0,0.0,wall_following
2026-07-04 14:47:59.552,1.919,2.126,65.533,0.523,0.0092,-0.0005,2.3028,0.034,0.1,0.0,-0.0181,0.0192,0.3066,0.0,0.0,0.0,0.0,wall_following
2026-07-04 14:47:59.653,1.928,2.119,65.533,0.526,0.0091,-0.0002,2.3,0.0244,0.1,0.0,0.0383,0.0671,0.3736,0.0,0.0,0.0,0.0,wall_following
2026-07-04 14:47:59.752,1.911,2.117,65.533,0.52,0.0124,-0.0007,2.2969,0.0146,0.1,0.0,0.0511,0.0766,0.1533,0.0,0.0,0.0,0.0,wall_following
2026-07-04 14:47:59.852,1.875,2.12,65.533,0.52,0.0091,-0.0002,2.294,0.005,0.1,0.0,0.0778,-0.0479,1.2167,0.0,0.0,0.0,0.0,wall_following
2026-07-04 14:47:59.952,1.876,2.117,65.533,0.516,0.0106,0.0007,2.2912,-0.0049,0.1,0.0,0.0905,-0.1724,0.4982,0.0,0.0,0.0,0.0,wall_following
2026-07-04 14:48:00.052,1.745,2.123,65.533,0.519,0.0099,-0.0003,2.2886,-0.0144,0.1,0.0,-0.1342,-0.1629,0.4024,0.0,0.0,0.0,0.0,wall_following
2026-07-04 14:48:00.152,1.743,2.121,65.533,0.525,0.01,-0.0004,2.2857,-0.0241,0.1,0.0,-0.0724,-0.2682,0.6898,0.0,0.0,0.0,0.0,wall_following
2026-07-04 14:48:00.252,1.736,2.124,65.533,0.521,0.0107,0.0,2.2828,-0.0338,0.1,0.0,0.0362,0.0192,0.1054,0.0,0.0,0.0,0.0,wall_following
2026-07-04 14:48:00.352,1.754,2.12,65.533,0.525,0.011,0.0006,2.2799,-0.0436,0.1,0.0,0.0778,0.0096,0.5652,0.0,0.0,0.0,0.0,wall_following
2026-07-04 14:48:00.452,1.747,2.111,65.533,0.519,0.0079,0.0003,2.2772,-0.0534,0.1,0.0,0.1129,0.2587,0.776,0.0,0.0,0.0,0.0,wall_following
2026-07-04 14:48:00.553,1.753,2.12,65.533,0.518,0.0109,-0.0002,2.2745,-0.0632,0.1,0.0,-0.0245,-0.1629,0.1533,0.0,0.0,0.0,0.0,wall_following
2026-07-04 14:48:00.652,1.753,2.136,65.533,0.524,0.0093,-0.0007,2.2718,-0.0727,0.1,0.0,-0.0075,0.0287,-0.0575,0.0,0.0,0.0,0.0,wall_following
2026-07-04 14:48:00.752,1.754,2.133,65.533,0.518,0.0121,-0.0005,2.2691,-0.082,0.1,0.0,0.0096,0.0479,1.0442,0.0,0.0,0.0,0.0,wall_following
2026-07-04 14:48:00.853,1.754,2.12,65.533,0.522,0.01,-0.0012,2.2662,-0.0921,0.1,0.0,-0.0788,-0.1054,0.3353,0.0,0.0,0.0,0.0,wall_following
2026-07-04 14:48:00.952,1.753,2.12,65.533,0.516,0.0105,-0.0004,2.2634,-0.1019,0.1,0.0,0.0543,-0.1341,0.0958,0.0,0.0,0.0,0.0,wall_following
2026-07-04 14:48:01.052,1.759,2.122,65.533,0.527,0.0097,0.0001,2.2606,-0.1117,0.1,0.0,0.0447,-0.1437,0.5365,0.0,0.0,0.0,0.0,wall_following
2026-07-04 14:48:01.152,1.74,2.129,65.533,0.523,0.0094,0.0002,2.258,-0.1213,0.1,0.0,-0.1598,-0.0575,-0.0479,0.0,0.0,0.0,0.0,wall_following
2026-07-04 14:48:01.252,1.756,2.135,65.533,0.523,0.0099,-0.0004,2.2553,-0.1303,0.1,0.0,-0.0373,-0.0096,0.5461,0.0,0.0,0.0,0.0,wall_following
2026-07-04 14:48:01.352,1.759,2.151,65.533,0.521,0.0133,0.0001,2.2522,-0.1406,0.1,0.0,0.1268,0.0958,0.2012,0.0,0.0,0.0,0.0,wall_following
2026-07-04 14:48:01.452,1.75,2.166,65.533,0.516,0.0131,-0.0003,2.2493,-0.1504,0.1,0.0,0.0085,0.0287,0.4503,0.0,0.0,0.0,0.0,wall_following
2026-07-04 14:48:01.552,1.763,2.159,65.533,0.517,0.0097,-0.0002,2.2465,-0.1601,0.1,0.0,0.1928,0.1724,0.5461,0.0,0.0,0.0,0.0,wall_following
2026-07-04 14:48:01.652,1.757,2.144,65.533,0.525,0.0101,-0.0004,2.2438,-0.1699,0.1,0.0,0.0735,0.1916,0.5269,0.0,0.0,0.0,0.0,wall_following
2026-07-04 14:48:01.752,1.76,2.134,65.533,0.523,0.0119,0.0008,2.2411,-0.1797,0.1,0.0,0.0309,0.0862,0.594,0.0,0.0,0.0,0.0,wall_following
2026-07-04 14:48:01.852,1.759,2.119,65.533,0.523,0.0094,0.0002,2.2388,-0.1884,0.1,0.0,-0.179,-0.1437,0.0766,0.0,0.0,0.0,0.0,wall_following
2026-07-04 14:48:01.952,1.761,2.125,65.533,0.512,0.0093,0.0005,2.2359,-0.1992,0.1,0.0,0.1193,-0.115,0.4119,0.0,0.0,0.0,0.0,wall_following
2026-07-04 14:48:02.052,1.762,2.117,65.533,0.512,0.0095,-0.0002,2.2334,-0.2085,0.1,0.0,-0.1097,-0.8909,0.6898,0.0,0.0,0.0,0.0,wall_following
2026-07-04 14:48:02.152,1.759,2.108,65.533,0.522,0.0093,-0.0001,2.2307,-0.2182,0.1,0.0,-0.0479,-0.0671,0.5461,0.0,0.0,0.0,0.0,wall_following
2026-07-04 14:48:02.252,1.767,2.115,65.533,0.518,0.0092,-0.0002,2.2278,-0.2285,0.1,0.0,-0.0362,0.0287,0.5652,0.0,0.0,0.0,0.0,wall_following
2026-07-04 14:48:02.352,1.758,2.109,65.533,0.517,0.0099,0.0001,2.225,-0.2382,0.1,0.0,-0.0053,-0.182,0.0862,0.0,0.0,0.0,0.0,wall_following
2026-07-04 14:48:02.452,1.762,2.105,65.533,0.518,0.0102,-0.0003,2.2221,-0.2477,0.1,0.0,0.0234,-0.1724,0.1724,0.0,0.0,0.0,0.0,wall_following
2026-07-04 14:48:02.552,1.76,2.104,65.533,0.519,0.011,0.0002,2.2191,-0.2577,0.1,0.0,-0.0213,0.115,0.9005,0.0,0.0,0.0,0.0,wall_following
2026-07-04 14:48:02.652,1.764,2.104,65.533,0.522,0.009,-0.0,2.2162,-0.2673,0.1,0.0,-0.0618,-0.2108,0.2587,0.0,0.0,0.0,0.0,wall_following
2026-07-04 14:48:02.752,1.76,2.108,65.533,0.512,0.0093,-0.0003,2.2133,-0.2768,0.1,0.0,-0.017,-0.364,0.2299,0.0,0.0,0.0,0.0,wall_following
2026-07-04 14:48:02.852,1.761,2.103,65.533,0.511,0.0107,-0.0016,2.2104,-0.2865,0.1,0.0,-0.098,-0.0958,0.297,0.0,0.0,0.0,0.0,wall_following
2026-07-04 14:48:02.952,1.76,2.1,65.533,0.515,0.0103,-0.0006,2.2073,-0.2961,0.1,0.0,-0.0234,-0.0862,0.1629,0.0,0.0,0.0,0.0,wall_following
2026-07-04 14:48:03.052,1.756,2.113,65.533,0.518,0.0117,-0.0001,2.2044,-0.3052,0.1,0.0,-0.0149,0.0383,0.364,0.0,0.0,0.0,0.0,wall_following
2026-07-04 14:48:03.152,1.756,2.102,65.533,0.519,0.0097,-0.0003,2.2011,-0.315,0.1,0.0,-0.049,-0.115,0.1916,0.0,0.0,0.0,0.0,wall_following
2026-07-04 14:48:03.252,1.761,2.107,65.533,0.518,0.0102,0.0001,2.1979,-0.3246,0.1,0.0,-0.0032,-0.0383,0.5748,0.0,0.0,0.0,0.0,wall_following
2026-07-04 14:48:03.352,1.757,2.109,65.533,0.526,0.0106,0.0003,2.1947,-0.3343,0.1,0.0,0.2131,0.297,0.7281,0.0,0.0,0.0,0.0,wall_following
2026-07-04 14:48:03.453,1.764,2.114,65.533,0.527,0.0098,-0.0001,2.1918,-0.344,0.1,0.0,0.0405,0.2874,0.9101,0.0,0.0,0.0,0.0,wall_following
2026-07-04 14:48:03.552,1.762,2.113,65.533,0.522,0.0096,0.0003,2.1889,-0.3535,0.1,0.0,-0.0032,0.0,0.4598,0.0,0.0,0.0,0.0,wall_following
2026-07-04 14:48:03.652,1.763,2.113,65.533,0.519,0.0081,0.0,2.1859,-0.3633,0.1,0.0,0.066,-0.0096,0.9484,0.0,0.0,0.0,0.0,wall_following
2026-07-04 14:48:03.752,1.768,2.112,65.533,0.518,0.0122,-0.0005,2.183,-0.373,0.1,0.0,-0.0426,-0.0958,0.7856,0.0,0.0,0.0,0.0,wall_following
2026-07-04 14:48:03.853,1.762,2.101,65.533,0.523,0.0092,0.0,2.1801,-0.3825,0.1,0.0,0.0,0.1724,0.3545,0.0,0.0,0.0,0.0,wall_following
2026-07-04 14:48:03.952,1.758,2.107,65.533,0.518,0.0093,0.0002,2.1773,-0.3917,0.1,0.0,0.0831,-0.0575,0.9676,0.0,0.0,0.0,0.0,wall_following
2026-07-04 14:48:04.052,1.761,2.108,65.533,0.525,0.0124,-0.0001,2.1742,-0.402,0.1,0.0,-0.0224,-0.0958,0.3353,0.0,0.0,0.0,0.0,wall_following
2026-07-04 14:48:04.152,1.767,2.113,65.533,0.514,0.013,0.0007,2.1713,-0.4115,0.1,0.0,-0.0245,-0.0383,0.3353,0.0,0.0,0.0,0.0,wall_following
2026-07-04 14:48:04.252,1.764,2.119,65.533,0.517,0.0094,0.0002,2.1683,-0.4211,0.1,0.0,0.016,-0.115,0.1916,0.0,0.0,0.0,0.0,wall_following
2026-07-04 14:48:04.352,1.765,2.108,65.533,0.521,0.0093,0.0003,2.1653,-0.4308,0.1,0.0,0.1246,-0.0479,0.1916,0.0,0.0,0.0,0.0,wall_following
2026-07-04 14:48:04.452,1.763,2.116,65.533,0.524,0.0092,0.0004,2.1625,-0.4405,0.1,0.0,0.0341,0.0958,1.14,0.0,0.0,0.0,0.0,wall_following
2026-07-04 14:48:04.552,1.755,2.114,65.533,0.52,0.009,-0.0,2.1598,-0.4504,0.1,0.0,-0.0426,-0.0287,0.7951,0.0,0.0,0.0,0.0,wall_following
2026-07-04 14:48:04.652,1.766,2.115,65.533,0.521,0.0095,-0.0,2.157,-0.46,0.1,0.0,-0.0671,-0.3449,0.2203,0.0,0.0,0.0,0.0,wall_following
2026-07-04 14:48:04.752,1.768,2.113,65.533,0.521,0.0102,-0.0001,2.1542,-0.4697,0.1,0.0,-0.0533,-0.1629,0.4407,0.0,0.0,0.0,0.0,wall_following
2026-07-04 14:48:04.852,1.761,2.111,65.533,0.514,0.0097,-0.0003,2.1512,-0.4794,0.1,0.0,-0.1502,-0.3928,-0.0192,0.0,0.0,0.0,0.0,wall_following
2026-07-04 14:48:04.952,1.755,2.117,13.095,0.52,0.0131,0.0002,2.1482,-0.489,0.1,0.0,0.212,-0.1724,-0.0862,0.0,0.0,0.0,0.0,wall_following
2026-07-04 14:48:05.052,1.755,2.117,13.029,0.528,0.0099,0.0003,2.1454,-0.499,0.1,0.0,0.0554,0.364,0.1437,0.0,0.0,0.0,0.0,wall_following
2026-07-04 14:48:05.152,1.765,2.123,13.097,0.517,0.0091,0.0004,2.1428,-0.5087,0.1,0.0,-0.065,-0.182,-0.0383,0.0,0.0,0.0,0.0,wall_following
2026-07-04 14:48:05.252,1.758,2.14,13.071,0.511,0.0125,-0.0002,2.1401,-0.5178,0.1,0.0,0.0117,0.0862,0.3928,0.0,0.0,0.0,0.0,wall_following
2026-07-04 14:48:05.353,1.762,2.154,13.067,0.523,0.0097,-0.0003,2.1371,-0.528,0.1,0.0,-0.0298,-0.1341,0.2299,0.0,0.0,0.0,0.0,wall_following
2026-07-04 14:48:05.452,1.761,2.179,13.08,0.513,0.0096,0.0005,2.1341,-0.5377,0.1,0.0,0.1417,0.0862,0.4119,0.0,0.0,0.0,0.0,wall_following
2026-07-04 14:48:05.552,1.76,2.183,13.048,0.519,0.0097,0.0,2.1313,-0.5474,0.1,0.0,-0.0543,0.0862,0.6419,0.0,0.0,0.0,0.0,wall_following
2026-07-04 14:48:05.652,1.76,2.171,13.114,0.511,0.0098,-0.0003,2.1284,-0.557,0.1,0.0,-0.0724,0.2012,1.0442,0.0,0.0,0.0,0.0,wall_following
2026-07-04 14:48:05.752,1.755,2.159,65.533,0.523,0.0105,-0.0007,2.1253,-0.5664,0.1,0.0,-0.0107,0.115,0.3353,0.0,0.0,0.0,0.0,wall_following
2026-07-04 14:48:05.852,1.767,2.143,65.533,0.522,0.0101,-0.0003,2.1221,-0.5761,0.1,0.0,0.0511,-0.0766,0.5652,0.0,0.0,0.0,0.0,wall_following
2026-07-04 14:48:05.952,1.762,2.163,65.533,0.518,0.0095,0.0002,2.1191,-0.5858,0.1,0.0,0.0874,0.2108,0.5461,0.0,0.0,0.0,0.0,wall_following
2026-07-04 14:48:06.052,1.752,2.154,65.533,0.523,0.0094,-0.0002,2.1162,-0.5955,0.1,0.0,0.0724,0.3066,0.3449,0.0,0.0,0.0,0.0,wall_following
2026-07-04 14:48:06.152,1.757,2.169,65.533,0.518,0.009,0.0027,2.1133,-0.6052,0.1,0.0,-0.0629,-0.0479,-0.2874,0.0,0.0,0.0,0.0,wall_following
2026-07-04 14:48:06.252,1.744,2.151,12.946,0.519,0.0077,0.0003,2.1104,-0.6147,0.1,0.0,0.0778,0.0192,0.6323,0.0,0.0,0.0,0.0,wall_following
2026-07-04 14:48:06.353,1.733,2.156,12.932,0.514,0.0111,-0.0,2.1076,-0.6246,0.1,0.0,0.0,0.0287,0.7472,0.0,0.0,0.0,0.0,wall_following
2026-07-04 14:48:06.453,1.742,2.156,12.926,0.522,0.0067,0.0001,2.1049,-0.6343,0.1,0.0,0.1395,-0.0192,0.3257,0.0,0.0,0.0,0.0,wall_following
2026-07-04 14:48:06.552,1.726,2.18,12.925,0.521,0.0095,-0.0001,2.1023,-0.6442,0.1,0.0,0.0117,0.2299,-0.0479,0.0,0.0,0.0,0.0,wall_following
2026-07-04 14:48:06.652,1.734,2.162,12.934,0.521,0.0098,-0.0003,2.0997,-0.6541,0.1,0.0,-0.0064,-0.0096,0.6227,0.0,0.0,0.0,0.0,wall_following
2026-07-04 14:48:06.752,1.735,2.16,12.92,0.518,0.0101,-0.0004,2.0972,-0.6632,0.1,0.0,-0.098,-0.0766,0.3353,0.0,0.0,0.0,0.0,wall_following
2026-07-04 14:48:06.852,1.746,2.164,12.904,0.514,0.013,-0.0003,2.0944,-0.673,0.1,0.0,-0.1534,-0.1533,0.5173,0.0,0.0,0.0,0.0,wall_following
2026-07-04 14:48:06.952,1.748,2.157,12.906,0.519,0.0093,0.0006,2.0913,-0.6831,0.1,0.0,0.0309,0.2682,-0.0192,0.0,0.0,0.0,0.0,wall_following
2026-07-04 14:48:07.052,1.76,2.172,12.876,0.514,0.0094,-0.0002,2.0883,-0.6925,0.1,0.0,-0.0085,-0.2012,0.2778,0.0,0.0,0.0,0.0,wall_following
2026-07-04 14:48:07.152,1.764,2.171,12.845,0.52,0.01,0.0003,2.0853,-0.7024,0.1,0.0,0.0383,0.0575,0.4119,0.0,0.0,0.0,0.0,wall_following
2026-07-04 14:48:07.252,1.773,2.18,12.846,0.521,0.0092,0.0003,2.0823,-0.712,0.1,0.0,-0.1108,-0.1054,0.1724,0.0,0.0,0.0,0.0,wall_following
2026-07-04 14:48:07.352,1.765,2.166,12.85,0.524,0.0091,-0.0001,2.0793,-0.7215,0.1,0.0,0.1406,0.1629,0.5652,0.0,0.0,0.0,0.0,wall_following
2026-07-04 14:48:07.452,1.765,2.168,12.864,0.517,0.01,-0.0002,2.0764,-0.7313,0.1,0.0,0.0575,0.0383,0.5652,0.0,0.0,0.0,0.0,wall_following
2026-07-04 14:48:07.552,1.762,2.168,12.846,0.529,0.0105,0.0,2.0736,-0.7411,0.1,0.0,0.0138,-0.0192,0.5844,0.0,0.0,0.0,0.0,wall_following
2026-07-04 14:48:07.652,1.767,2.164,12.849,0.521,0.0082,-0.0003,2.0709,-0.7507,0.1,0.0,-0.0586,-0.0287,0.115,0.0,0.0,0.0,0.0,wall_following
2026-07-04 14:48:07.752,1.761,2.162,12.808,0.521,0.0095,-0.0003,2.0682,-0.7598,0.1,0.0,-0.0543,0.0,0.1629,0.0,0.0,0.0,0.0,wall_following
2026-07-04 14:48:07.852,1.758,2.151,12.814,0.519,0.0093,-0.0005,2.0651,-0.7699,0.1,0.0,-0.0426,-0.1916,0.1724,0.0,0.0,0.0,0.0,wall_following
2026-07-04 14:48:07.952,1.766,2.174,12.776,0.518,0.0093,0.0,2.0621,-0.7795,0.1,0.0,0.0277,-0.1533,0.4407,0.0,0.0,0.0,0.0,wall_following
2026-07-04 14:48:08.052,1.763,2.164,12.779,0.514,0.0098,0.0002,2.0591,-0.7892,0.1,0.0,0.1001,-0.0383,-0.1724,0.0,0.0,0.0,0.0,wall_following
2026-07-04 14:48:08.152,1.773,2.168,12.771,0.516,0.0094,-0.0,2.0562,-0.7991,0.1,0.0,0.0426,0.0958,0.7281,0.0,0.0,0.0,0.0,wall_following
2026-07-04 14:48:08.252,1.76,2.172,12.747,0.515,0.0095,-0.0,2.0535,-0.8088,0.1,0.0,-0.0469,-0.1245,0.7377,0.0,0.0,0.0,0.0,wall_following
2026-07-04 14:48:08.352,1.768,2.17,12.754,0.524,0.0093,0.0003,2.0507,-0.8184,0.1,0.0,-0.1076,-0.0575,0.7281,0.0,0.0,0.0,0.0,wall_following
2026-07-04 14:48:08.452,1.764,2.169,12.767,0.527,0.0094,-0.0002,2.0478,-0.8274,0.1,0.0,-0.0554,-0.1629,0.1437,0.0,0.0,0.0,0.0,wall_following
2026-07-04 14:48:08.552,1.762,2.17,12.773,0.519,0.0096,-0.0003,2.0445,-0.8374,0.1,0.0,-0.0128,-0.2778,0.5365,0.0,0.0,0.0,0.0,wall_following
2026-07-04 14:48:08.653,1.77,2.173,12.769,0.524,0.0095,-0.0005,2.0413,-0.847,0.0,0.0,0.1001,0.1245,0.5652,0.0,0.0,0.0,0.0,idle
2026-07-04 14:48:08.752,1.763,2.168,12.74,0.517,0.005,-0.0002,2.039,-0.8543,0.0,0.0,-0.2258,-0.0862,1.0059,0.0,0.0,0.0,0.0,idle
2026-07-04 14:48:08.852,1.756,2.167,12.743,0.522,-0.0012,0.0003,2.0383,-0.8561,0.0,0.0,-0.0714,0.0287,0.1437,0.0,0.0,0.0,0.0,idle
2026-07-04 14:48:08.952,1.771,2.162,12.753,0.523,-0.0006,0.0,2.0387,-0.8551,0.0,0.0,-0.0064,-0.1054,0.4407,0.0,0.0,0.0,0.0,idle
2026-07-04 14:48:09.052,1.764,2.166,12.67,0.526,0.0006,0.0002,2.0387,-0.8552,0.0,0.0,-0.0373,-0.1437,0.3736,0.0,0.0,0.0,0.0,idle
2026-07-04 14:48:09.152,1.766,2.171,12.731,0.522,-0.0003,-0.0,2.0386,-0.8553,0.0,0.0,-0.0085,-0.0192,0.5173,0.0,0.0,0.0,0.0,idle
2026-07-04 14:48:09.252,1.762,2.159,12.719,0.527,0.0002,0.0001,2.0387,-0.8552,0.0,0.0,-0.0234,0.0575,0.6323,0.0,0.0,0.0,0.0,idle
2026-07-04 14:48:09.352,1.764,2.17,12.73,0.519,-0.0001,-0.0,2.0387,-0.8553,0.0,0.0,0.0309,-0.0862,0.5556,0.0,0.0,0.0,0.0,idle
2026-07-04 14:48:09.452,1.776,2.171,12.725,0.524,0.0001,0.0,2.0387,-0.8552,0.0,0.0,0.0309,-0.1245,0.4886,0.0,0.0,0.0,0.0,idle
2026-07-04 14:48:09.552,1.762,2.155,12.734,0.519,-0.0,0.0,2.0387,-0.8552,0.0,0.0,-0.0011,-0.1437,0.4694,0.0,0.0,0.0,0.0,idle
2026-07-04 14:48:09.652,1.766,2.167,12.749,0.524,0.0,0.0,2.0387,-0.8552,0.0,0.0,-0.0128,-0.2012,0.7472,0.0,0.0,0.0,0.0,idle
2026-07-04 14:48:09.752,1.759,2.17,12.728,0.521,0.0,0.0,2.0387,-0.8552,0.0,0.0,-0.0405,0.0192,0.4694,0.0,0.0,0.0,0.0,idle
2026-07-04 14:48:09.852,1.743,2.17,12.742,0.522,-0.0,0.0,2.0387,-0.8552,0.0,0.0,-0.0234,-0.1629,0.4598,0.0,0.0,0.0,0.0,idle
2026-07-04 14:48:09.952,1.767,2.172,12.754,0.516,-0.0,-0.0,2.0387,-0.8552,0.0,0.0,-0.0128,-0.0671,0.1724,0.0,0.0,0.0,0.0,idle
2026-07-04 14:48:10.052,1.766,2.159,12.734,0.526,0.0,-0.0,2.0387,-0.8552,0.0,0.0,0.0426,0.0671,0.3066,0.0,0.0,0.0,0.0,idle
2026-07-04 14:48:10.152,1.754,2.163,12.737,0.519,-0.0,0.0,2.0387,-0.8552,0.0,0.0,0.0011,-0.1724,0.7664,0.0,0.0,0.0,0.0,idle
2026-07-04 14:48:10.252,1.756,2.177,12.752,0.522,0.0,-0.0,2.0387,-0.8552,0.0,0.0,0.066,-0.1245,0.4024,0.0,0.0,0.0,0.0,idle
2026-07-04 14:48:10.352,1.763,2.166,12.745,0.529,0.0,-0.0,2.0387,-0.8552,0.0,0.0,0.0458,-0.1054,0.594,0.0,0.0,0.0,0.0,idle
2026-07-04 14:48:10.452,1.763,2.164,12.73,0.526,0.0,0.0,2.0387,-0.8552,0.0,0.0,0.032,-0.1724,0.6227,0.0,0.0,0.0,0.0,idle
2026-07-04 14:48:10.552,1.757,2.174,12.733,0.521,-0.0,-0.0,2.0387,-0.8552,0.0,0.0,-0.0075,-0.1437,0.594,0.0,0.0,0.0,0.0,idle
2026-07-04 14:48:10.652,1.762,2.171,12.728,0.513,-0.0,-0.0,2.0387,-0.8552,0.0,0.0,0.0181,-0.0958,0.6227,0.0,0.0,0.0,0.0,idle
2026-07-04 14:48:10.752,1.76,2.161,12.714,0.515,-0.0,0.0,2.0387,-0.8552,0.0,0.0,0.0011,-0.0192,0.7472,0.0,0.0,0.0,0.0,idle
2026-07-04 14:48:10.852,1.761,2.172,12.726,0.519,-0.0,-0.0,2.0387,-0.8552,0.0,0.0,0.0309,-0.0958,0.6323,0.0,0.0,0.0,0.0,idle
2026-07-04 14:48:10.952,1.757,2.165,12.725,0.517,0.0,0.0,2.0387,-0.8552,0.0,0.0,0.0,-0.1054,1.0442,0.0,0.0,0.0,0.0,idle
2026-07-04 14:48:11.052,1.765,2.171,12.728,0.526,0.0,-0.0,2.0387,-0.8552,0.0,0.0,-0.0383,-0.0862,0.5652,0.0,0.0,0.0,0.0,idle
2026-07-04 14:48:11.152,1.752,2.16,12.733,0.521,-0.0,-0.0,2.0387,-0.8552,0.0,0.0,0.0107,0.0766,0.0766,0.0,0.0,0.0,0.0,idle
2026-07-04 14:48:11.252,1.76,2.155,12.76,0.515,-0.0,0.0,2.0387,-0.8552,0.0,0.0,0.0085,-0.1245,0.6035,0.0,0.0,0.0,0.0,idle
2026-07-04 14:48:11.352,1.759,2.164,12.711,0.52,0.0,0.0,2.0387,-0.8552,0.0,0.0,-0.0469,-0.0671,-0.0096,0.0,0.0,0.0,0.0,idle
2026-07-04 14:48:11.452,1.762,2.169,12.698,0.525,-0.0,0.0,2.0387,-0.8552,0.0,0.0,0.0597,-0.1054,0.7472,0.0,0.0,0.0,0.0,idle
2026-07-04 14:48:11.552,1.759,2.171,12.747,0.519,-0.0,0.0,2.0387,-0.8552,0.0,0.0,0.0277,-0.0671,0.3066,0.0,0.0,0.0,0.0,idle
2026-07-04 14:48:11.652,1.77,2.182,12.728,0.527,0.0,-0.0,2.0387,-0.8552,0.0,0.0,0.0096,0.0575,0.3449,0.0,0.0,0.0,0.0,idle
2026-07-04 14:48:11.752,1.76,2.17,12.696,0.522,-0.0,0.0,2.0387,-0.8552,0.0,0.0,-0.0629,-0.0287,0.6323,0.0,0.0,0.0,0.0,idle
2026-07-04 14:48:11.852,1.763,2.169,12.739,0.52,-0.0,0.0,2.0387,-0.8552,0.0,0.0,-0.0756,-0.1245,0.4886,0.0,0.0,0.0,0.0,idle
2026-07-04 14:48:11.952,1.764,2.168,12.753,0.523,0.0,0.0,2.0387,-0.8552,0.0,0.0,0.033,-0.1341,0.5461,0.0,0.0,0.0,0.0,idle
2026-07-04 14:48:12.052,1.762,2.161,12.74,0.513,-0.0,0.0,2.0387,-0.8552,0.0,0.0,0.0415,-0.0192,0.3545,0.0,0.0,0.0,0.0,idle
2026-07-04 14:48:12.152,1.756,2.157,12.724,0.521,0.0,0.0,2.0387,-0.8552,0.0,0.0,-0.0288,-0.1629,0.6514,0.0,0.0,0.0,0.0,idle
2026-07-04 14:48:12.252,1.762,2.17,12.679,0.524,-0.0,-0.0,2.0387,-0.8552,0.0,0.0,-0.0415,0.2778,0.297,0.0,0.0,0.0,0.0,idle
2026-07-04 14:48:12.352,1.77,2.176,12.722,0.524,0.0,-0.0,2.0387,-0.8552,0.0,0.0,-0.0266,-0.1916,0.6323,0.0,0.0,0.0,0.0,idle
2026-07-04 14:48:12.452,1.771,2.163,12.703,0.52,0.0,-0.0,2.0387,-0.8552,0.0,0.0,0.0021,-0.1341,0.4215,0.0,0.0,0.0,0.0,idle
2026-07-04 14:48:12.552,1.759,2.162,12.696,0.52,-0.0,0.0,2.0387,-0.8552,0.0,0.0,-0.0298,0.0479,0.5556,0.0,0.0,0.0,0.0,idle
2026-07-04 14:48:12.652,1.755,2.178,12.735,0.516,-0.0,-0.0,2.0387,-0.8552,0.0,0.0,0.0117,-0.1437,0.3928,0.0,0.0,0.0,0.0,idle
2026-07-04 14:48:12.752,1.755,2.169,12.7,0.519,-0.0,-0.0,2.0387,-0.8552,0.0,0.0,-0.0352,-0.2108,0.4886,0.0,0.0,0.0,0.0,idle
2026-07-04 14:48:12.852,1.766,2.168,12.719,0.516,0.0,-0.0,2.0387,-0.8552,0.0,0.0,0.0746,-0.1629,0.5269,0.0,0.0,0.0,0.0,idle
2026-07-04 14:48:12.952,1.761,2.156,12.737,0.521,-0.0,-0.0,2.0387,-0.8552,0.0,0.0,-0.0213,-0.1724,0.5173,0.0,0.0,0.0,0.0,idle
2026-07-04 14:48:13.052,1.76,2.172,12.673,0.518,-0.0,0.0,2.0387,-0.8552,0.0,0.0,0.0053,-0.0096,0.4024,0.0,0.0,0.0,0.0,idle
2026-07-04 14:48:13.152,1.769,2.17,12.737,0.522,0.0,0.0,2.0387,-0.8552,0.0,0.0,-0.0245,0.0575,0.2299,0.0,0.0,0.0,0.0,idle
